Sample_Index,Objects Count,Dataset
0,1,Camo
1,1,Camo
2,1,Camo
3,1,Camo
4,1,Camo
5,1,Camo
6,1,Camo
7,1,Camo
8,1,Camo
9,1,Camo
10,1,Camo
11,1,Camo
12,2,Camo
13,1,Camo
14,1,Camo
15,1,Camo
16,1,Camo
17,2,Camo
18,1,Camo
19,3,Camo
20,1,Camo
21,1,Camo
22,1,Camo
23,1,Camo
24,1,Camo
25,1,Camo
26,1,Camo
27,1,Camo
28,1,Camo
29,1,Camo
30,1,Camo
31,1,Camo
32,2,Camo
33,1,Camo
34,1,Camo
35,3,Camo
36,1,Camo
37,1,Camo
38,1,Camo
39,1,Camo
40,1,Camo
41,1,Camo
42,1,Camo
43,1,Camo
44,1,Camo
45,2,Camo
46,1,Camo
47,1,Camo
48,1,Camo
49,1,Camo
50,1,Camo
51,1,Camo
52,1,Camo
53,1,Camo
54,1,Camo
55,1,Camo
56,1,Camo
57,1,Camo
58,1,Camo
59,1,Camo
60,2,Camo
61,1,Camo
62,1,Camo
63,2,Camo
64,1,Camo
65,1,Camo
66,1,Camo
67,1,Camo
68,1,Camo
69,1,Camo
70,1,Camo
71,1,Camo
72,1,Camo
73,1,Camo
74,1,Camo
75,1,Camo
76,1,Camo
77,1,Camo
78,1,Camo
79,1,Camo
80,1,Camo
81,1,Camo
82,1,Camo
83,1,Camo
84,1,Camo
85,1,Camo
86,8,Camo
87,1,Camo
88,1,Camo
89,1,Camo
90,1,Camo
91,1,Camo
92,1,Camo
93,1,Camo
94,1,Camo
95,1,Camo
96,1,Camo
97,1,Camo
98,1,Camo
99,1,Camo
100,1,Camo
101,1,Camo
102,1,Camo
103,1,Camo
104,1,Camo
105,1,Camo
106,2,Camo
107,1,Camo
108,1,Camo
109,1,Camo
110,1,Camo
111,1,Camo
112,1,Camo
113,1,Camo
114,1,Camo
115,1,Camo
116,1,Camo
117,1,Camo
118,1,Camo
119,1,Camo
120,1,Camo
121,1,Camo
122,1,Camo
123,1,Camo
124,2,Camo
125,1,Camo
126,1,Camo
127,1,Camo
128,1,Camo
129,1,Camo
130,1,Camo
131,1,Camo
132,1,Camo
133,1,Camo
134,1,Camo
135,1,Camo
136,1,Camo
137,1,Camo
138,1,Camo
139,1,Camo
140,2,Camo
141,1,Camo
142,2,Camo
143,1,Camo
144,1,Camo
145,1,Camo
146,1,Camo
147,1,Camo
148,1,Camo
149,1,Camo
150,1,Camo
151,1,Camo
152,1,Camo
153,1,Camo
154,1,Camo
155,1,Camo
156,1,Camo
157,1,Camo
158,1,Camo
159,1,Camo
160,1,Camo
161,1,Camo
162,1,Camo
163,1,Camo
164,1,Camo
165,1,Camo
166,1,Camo
167,1,Camo
168,1,Camo
169,1,Camo
170,1,Camo
171,1,Camo
172,1,Camo
173,1,Camo
174,1,Camo
175,1,Camo
176,1,Camo
177,1,Camo
178,1,Camo
179,1,Camo
180,1,Camo
181,1,Camo
182,1,Camo
183,1,Camo
184,1,Camo
185,1,Camo
186,1,Camo
187,1,Camo
188,1,Camo
189,1,Camo
190,1,Camo
191,1,Camo
192,1,Camo
193,1,Camo
194,1,Camo
195,2,Camo
196,1,Camo
197,2,Camo
198,1,Camo
199,1,Camo
200,1,Camo
201,1,Camo
202,1,Camo
203,1,Camo
204,1,Camo
205,1,Camo
206,1,Camo
207,1,Camo
208,1,Camo
209,1,Camo
210,1,Camo
211,1,Camo
212,1,Camo
213,1,Camo
214,1,Camo
215,1,Camo
216,3,Camo
217,1,Camo
218,1,Camo
219,1,Camo
220,1,Camo
221,1,Camo
222,2,Camo
223,1,Camo
224,1,Camo
225,1,Camo
226,1,Camo
227,1,Camo
228,1,Camo
229,1,Camo
230,1,Camo
231,1,Camo
232,1,Camo
233,1,Camo
234,1,Camo
235,1,Camo
236,1,Camo
237,1,Camo
238,1,Camo
239,1,Camo
240,1,Camo
241,1,Camo
242,1,Camo
243,2,Camo
244,1,Camo
245,1,Camo
246,1,Camo
247,1,Camo
248,1,Camo
249,1,Camo
250,1,Camo
251,1,Camo
252,2,Camo
253,1,Camo
254,1,Camo
255,1,Camo
256,1,Camo
257,1,Camo
258,1,Camo
259,1,Camo
260,1,Camo
261,1,Camo
262,1,Camo
263,2,Camo
264,1,Camo
265,1,Camo
266,1,Camo
267,1,Camo
268,1,Camo
269,1,Camo
270,1,Camo
271,1,Camo
272,1,Camo
273,1,Camo
274,1,Camo
275,1,Camo
276,1,Camo
277,1,Camo
278,1,Camo
279,1,Camo
280,2,Camo
281,1,Camo
282,1,Camo
283,1,Camo
284,1,Camo
285,1,Camo
286,1,Camo
287,1,Camo
288,1,Camo
289,1,Camo
290,1,Camo
291,1,Camo
292,1,Camo
293,1,Camo
294,1,Camo
295,1,Camo
296,1,Camo
297,1,Camo
298,1,Camo
299,1,Camo
300,1,Camo
301,1,Camo
302,1,Camo
303,1,Camo
304,1,Camo
305,1,Camo
306,1,Camo
307,1,Camo
308,1,Camo
309,1,Camo
310,1,Camo
311,1,Camo
312,1,Camo
313,1,Camo
314,6,Camo
315,2,Camo
316,1,Camo
317,1,Camo
318,1,Camo
319,1,Camo
320,1,Camo
321,1,Camo
322,1,Camo
323,4,Camo
324,1,Camo
325,1,Camo
326,1,Camo
327,1,Camo
328,1,Camo
329,1,Camo
330,1,Camo
331,2,Camo
332,1,Camo
333,1,Camo
334,1,Camo
335,1,Camo
336,1,Camo
337,1,Camo
338,1,Camo
339,1,Camo
340,1,Camo
341,1,Camo
342,1,Camo
343,1,Camo
344,1,Camo
345,1,Camo
346,1,Camo
347,1,Camo
348,1,Camo
349,1,Camo
350,1,Camo
351,1,Camo
352,1,Camo
353,1,Camo
354,1,Camo
355,1,Camo
356,1,Camo
357,1,Camo
358,1,Camo
359,1,Camo
360,1,Camo
361,1,Camo
362,1,Camo
363,2,Camo
364,1,Camo
365,1,Camo
366,1,Camo
367,3,Camo
368,1,Camo
369,1,Camo
370,1,Camo
371,1,Camo
372,1,Camo
373,1,Camo
374,1,Camo
375,1,Camo
376,1,Camo
377,1,Camo
378,1,Camo
379,1,Camo
380,1,Camo
381,1,Camo
382,1,Camo
383,1,Camo
384,1,Camo
385,1,Camo
386,1,Camo
387,1,Camo
388,2,Camo
389,1,Camo
390,1,Camo
391,1,Camo
392,1,Camo
393,1,Camo
394,1,Camo
395,1,Camo
396,1,Camo
397,1,Camo
398,1,Camo
399,1,Camo
0,4,Cow
1,29,Cow
2,1,Cow
3,12,Cow
4,1,Cow
5,3,Cow
6,11,Cow
7,3,Cow
8,2,Cow
9,2,Cow
10,1,Cow
11,7,Cow
12,1,Cow
13,1,Cow
14,1,Cow
15,24,Cow
16,3,Cow
17,4,Cow
18,6,Cow
19,2,Cow
20,3,Cow
21,17,Cow
22,2,Cow
23,1,Cow
24,2,Cow
25,1,Cow
26,2,Cow
27,12,Cow
28,2,Cow
29,2,Cow
30,7,Cow
31,1,Cow
32,1,Cow
33,1,Cow
34,1,Cow
35,1,Cow
36,1,Cow
37,4,Cow
38,2,Cow
39,3,Cow
40,1,Cow
41,6,Cow
42,14,Cow
43,18,Cow
44,4,Cow
45,1,Cow
46,9,Cow
47,2,Cow
48,9,Cow
49,4,Cow
50,3,Cow
51,2,Cow
52,1,Cow
53,1,Cow
54,3,Cow
55,1,Cow
56,1,Cow
57,1,Cow
58,3,Cow
59,4,Cow
60,3,Cow
61,2,Cow
62,5,Cow
63,1,Cow
64,2,Cow
65,1,Cow
66,3,Cow
67,7,Cow
68,1,Cow
69,1,Cow
70,1,Cow
71,4,Cow
72,1,Cow
73,2,Cow
74,10,Cow
75,6,Cow
76,2,Cow
77,1,Cow
78,3,Cow
79,1,Cow
80,4,Cow
81,8,Cow
82,1,Cow
83,8,Cow
84,6,Cow
85,1,Cow
86,2,Cow
87,1,Cow
88,20,Cow
89,4,Cow
90,10,Cow
91,2,Cow
92,2,Cow
93,1,Cow
94,1,Cow
95,1,Cow
96,1,Cow
97,2,Cow
98,2,Cow
99,8,Cow
100,3,Cow
101,5,Cow
102,1,Cow
103,1,Cow
104,1,Cow
105,2,Cow
106,1,Cow
107,8,Cow
108,5,Cow
109,2,Cow
110,6,Cow
111,2,Cow
112,4,Cow
113,1,Cow
114,2,Cow
115,3,Cow
116,1,Cow
117,1,Cow
118,2,Cow
119,3,Cow
120,3,Cow
121,1,Cow
122,9,Cow
123,2,Cow
124,2,Cow
125,3,Cow
126,6,Cow
127,2,Cow
128,2,Cow
129,3,Cow
130,3,Cow
131,1,Cow
132,5,Cow
133,2,Cow
134,7,Cow
135,15,Cow
136,9,Cow
137,4,Cow
138,2,Cow
139,5,Cow
140,10,Cow
141,2,Cow
142,1,Cow
143,4,Cow
144,4,Cow
145,1,Cow
146,14,Cow
147,1,Cow
148,1,Cow
149,1,Cow
150,2,Cow
151,9,Cow
152,2,Cow
153,2,Cow
154,11,Cow
155,1,Cow
156,2,Cow
157,1,Cow
158,1,Cow
159,1,Cow
160,3,Cow
161,25,Cow
162,3,Cow
163,2,Cow
164,3,Cow
165,3,Cow
166,10,Cow
167,10,Cow
168,15,Cow
169,1,Cow
170,1,Cow
171,1,Cow
172,1,Cow
173,2,Cow
174,4,Cow
175,2,Cow
176,3,Cow
177,3,Cow
178,1,Cow
179,8,Cow
180,17,Cow
181,50,Cow
182,1,Cow
183,10,Cow
184,35,Cow
185,1,Cow
186,1,Cow
187,2,Cow
188,1,Cow
189,2,Cow
190,2,Cow
191,5,Cow
192,2,Cow
193,5,Cow
194,4,Cow
195,4,Cow
196,4,Cow
197,1,Cow
198,4,Cow
199,8,Cow
200,1,Cow
201,6,Cow
202,9,Cow
203,1,Cow
204,5,Cow
205,1,Cow
206,3,Cow
207,5,Cow
208,3,Cow
209,1,Cow
210,4,Cow
211,2,Cow
212,3,Cow
213,1,Cow
214,4,Cow
215,9,Cow
216,1,Cow
217,4,Cow
218,1,Cow
219,13,Cow
220,7,Cow
221,1,Cow
222,2,Cow
223,7,Cow
224,2,Cow
225,4,Cow
226,3,Cow
227,8,Cow
228,5,Cow
229,1,Cow
230,2,Cow
231,3,Cow
232,18,Cow
233,1,Cow
234,3,Cow
235,8,Cow
236,5,Cow
237,4,Cow
238,2,Cow
239,1,Cow
240,1,Cow
241,2,Cow
242,1,Cow
243,1,Cow
244,4,Cow
245,1,Cow
246,10,Cow
247,15,Cow
248,6,Cow
249,2,Cow
250,1,Cow
251,4,Cow
252,7,Cow
253,4,Cow
254,20,Cow
255,6,Cow
256,9,Cow
257,7,Cow
258,2,Cow
259,2,Cow
260,16,Cow
261,9,Cow
262,6,Cow
263,2,Cow
264,2,Cow
265,1,Cow
266,2,Cow
267,2,Cow
268,1,Cow
269,11,Cow
270,1,Cow
271,1,Cow
272,8,Cow
273,2,Cow
274,2,Cow
275,2,Cow
276,2,Cow
277,2,Cow
278,7,Cow
279,2,Cow
280,2,Cow
281,5,Cow
282,4,Cow
283,1,Cow
284,2,Cow
285,10,Cow
286,1,Cow
287,8,Cow
288,2,Cow
289,2,Cow
290,7,Cow
291,8,Cow
292,22,Cow
293,6,Cow
294,2,Cow
295,1,Cow
296,1,Cow
297,14,Cow
298,3,Cow
299,3,Cow
300,2,Cow
301,4,Cow
302,1,Cow
303,3,Cow
304,2,Cow
305,3,Cow
306,8,Cow
307,15,Cow
308,2,Cow
309,2,Cow
310,1,Cow
311,2,Cow
312,2,Cow
313,2,Cow
314,5,Cow
315,9,Cow
316,2,Cow
317,1,Cow
318,1,Cow
319,11,Cow
320,2,Cow
321,2,Cow
322,1,Cow
323,1,Cow
324,19,Cow
325,12,Cow
326,1,Cow
327,1,Cow
328,5,Cow
329,2,Cow
330,2,Cow
331,1,Cow
332,1,Cow
333,2,Cow
334,3,Cow
335,1,Cow
336,3,Cow
337,2,Cow
338,3,Cow
339,15,Cow
340,7,Cow
341,1,Cow
342,2,Cow
343,5,Cow
344,1,Cow
345,22,Cow
346,1,Cow
347,1,Cow
348,2,Cow
349,18,Cow
350,2,Cow
351,1,Cow
352,2,Cow
353,1,Cow
354,6,Cow
355,2,Cow
356,1,Cow
357,2,Cow
358,3,Cow
359,10,Cow
360,2,Cow
361,1,Cow
362,1,Cow
363,8,Cow
364,1,Cow
365,6,Cow
366,4,Cow
367,6,Cow
368,5,Cow
369,1,Cow
370,4,Cow
371,16,Cow
372,5,Cow
373,13,Cow
374,1,Cow
375,4,Cow
376,1,Cow
377,1,Cow
378,1,Cow
379,1,Cow
380,2,Cow
381,2,Cow
382,1,Cow
383,3,Cow
384,1,Cow
385,45,Cow
386,4,Cow
387,1,Cow
388,6,Cow
389,15,Cow
390,2,Cow
391,2,Cow
392,1,Cow
393,3,Cow
394,8,Cow
395,8,Cow
396,3,Cow
397,1,Cow
398,1,Cow
399,2,Cow
0,2,Skin
1,1,Skin
2,1,Skin
3,1,Skin
4,1,Skin
5,1,Skin
6,1,Skin
7,1,Skin
8,1,Skin
9,1,Skin
10,1,Skin
11,1,Skin
12,1,Skin
13,1,Skin
14,1,Skin
15,1,Skin
16,1,Skin
17,1,Skin
18,2,Skin
19,1,Skin
20,1,Skin
21,1,Skin
22,1,Skin
23,1,Skin
24,1,Skin
25,1,Skin
26,1,Skin
27,1,Skin
28,1,Skin
29,1,Skin
30,1,Skin
31,1,Skin
32,1,Skin
33,1,Skin
34,1,Skin
35,1,Skin
36,1,Skin
37,1,Skin
38,1,Skin
39,1,Skin
40,1,Skin
41,1,Skin
42,1,Skin
43,1,Skin
44,1,Skin
45,1,Skin
46,1,Skin
47,1,Skin
48,1,Skin
49,1,Skin
50,1,Skin
51,1,Skin
52,1,Skin
53,1,Skin
54,1,Skin
55,1,Skin
56,1,Skin
57,1,Skin
58,1,Skin
59,1,Skin
60,1,Skin
61,1,Skin
62,1,Skin
63,1,Skin
64,1,Skin
65,1,Skin
66,1,Skin
67,1,Skin
68,1,Skin
69,1,Skin
70,1,Skin
71,1,Skin
72,2,Skin
73,1,Skin
74,1,Skin
75,1,Skin
76,1,Skin
77,1,Skin
78,1,Skin
79,1,Skin
80,1,Skin
81,1,Skin
82,1,Skin
83,1,Skin
84,1,Skin
85,2,Skin
86,1,Skin
87,1,Skin
88,1,Skin
89,1,Skin
90,1,Skin
91,1,Skin
92,1,Skin
93,1,Skin
94,1,Skin
95,1,Skin
96,1,Skin
97,1,Skin
98,1,Skin
99,1,Skin
100,1,Skin
101,1,Skin
102,1,Skin
103,1,Skin
104,1,Skin
105,1,Skin
106,1,Skin
107,1,Skin
108,1,Skin
109,1,Skin
110,1,Skin
111,1,Skin
112,1,Skin
113,1,Skin
114,1,Skin
115,1,Skin
116,1,Skin
117,1,Skin
118,1,Skin
119,1,Skin
120,1,Skin
121,1,Skin
122,1,Skin
123,1,Skin
124,1,Skin
125,1,Skin
126,1,Skin
127,1,Skin
128,1,Skin
129,1,Skin
130,1,Skin
131,1,Skin
132,1,Skin
133,1,Skin
134,1,Skin
135,1,Skin
136,1,Skin
137,1,Skin
138,1,Skin
139,1,Skin
140,1,Skin
141,1,Skin
142,1,Skin
143,1,Skin
144,1,Skin
145,1,Skin
146,1,Skin
147,1,Skin
148,1,Skin
149,1,Skin
150,1,Skin
151,1,Skin
152,1,Skin
153,1,Skin
154,1,Skin
155,1,Skin
156,1,Skin
157,1,Skin
158,1,Skin
159,1,Skin
160,1,Skin
161,1,Skin
162,1,Skin
163,1,Skin
164,1,Skin
165,1,Skin
166,1,Skin
167,1,Skin
168,1,Skin
169,1,Skin
170,1,Skin
171,1,Skin
172,1,Skin
173,1,Skin
174,1,Skin
175,1,Skin
176,1,Skin
177,1,Skin
178,1,Skin
179,1,Skin
180,1,Skin
181,1,Skin
182,1,Skin
183,1,Skin
184,1,Skin
185,1,Skin
186,1,Skin
187,1,Skin
188,1,Skin
189,1,Skin
190,1,Skin
191,1,Skin
192,1,Skin
193,1,Skin
194,1,Skin
195,1,Skin
196,1,Skin
197,1,Skin
198,1,Skin
199,1,Skin
200,1,Skin
201,1,Skin
202,1,Skin
203,1,Skin
204,1,Skin
205,1,Skin
206,1,Skin
207,1,Skin
208,1,Skin
209,1,Skin
210,1,Skin
211,1,Skin
212,1,Skin
213,1,Skin
214,1,Skin
215,1,Skin
216,1,Skin
217,1,Skin
218,1,Skin
219,1,Skin
220,1,Skin
221,1,Skin
222,1,Skin
223,1,Skin
224,1,Skin
225,1,Skin
226,1,Skin
227,1,Skin
228,1,Skin
229,1,Skin
230,1,Skin
231,1,Skin
232,1,Skin
233,1,Skin
234,1,Skin
235,1,Skin
236,1,Skin
237,1,Skin
238,1,Skin
239,1,Skin
240,1,Skin
241,1,Skin
242,1,Skin
243,1,Skin
244,1,Skin
245,1,Skin
246,1,Skin
247,1,Skin
248,1,Skin
249,1,Skin
250,1,Skin
251,2,Skin
252,1,Skin
253,1,Skin
254,1,Skin
255,1,Skin
256,1,Skin
257,1,Skin
258,1,Skin
259,1,Skin
260,1,Skin
261,1,Skin
262,1,Skin
263,1,Skin
264,1,Skin
265,1,Skin
266,1,Skin
267,1,Skin
268,1,Skin
269,1,Skin
270,1,Skin
271,1,Skin
272,1,Skin
273,1,Skin
274,1,Skin
275,1,Skin
276,1,Skin
277,1,Skin
278,1,Skin
279,1,Skin
280,1,Skin
281,1,Skin
282,1,Skin
283,1,Skin
284,1,Skin
285,1,Skin
286,1,Skin
287,1,Skin
288,1,Skin
289,1,Skin
290,1,Skin
291,1,Skin
292,1,Skin
293,1,Skin
294,1,Skin
295,1,Skin
296,1,Skin
297,1,Skin
298,1,Skin
299,1,Skin
300,1,Skin
301,1,Skin
302,1,Skin
303,1,Skin
304,1,Skin
305,1,Skin
306,1,Skin
307,1,Skin
308,1,Skin
309,1,Skin
310,1,Skin
311,1,Skin
312,1,Skin
313,1,Skin
314,1,Skin
315,1,Skin
316,1,Skin
317,1,Skin
318,1,Skin
319,1,Skin
320,1,Skin
321,1,Skin
322,1,Skin
323,1,Skin
324,1,Skin
325,1,Skin
326,1,Skin
327,1,Skin
328,1,Skin
329,1,Skin
330,1,Skin
331,1,Skin
332,1,Skin
333,1,Skin
334,1,Skin
335,1,Skin
336,1,Skin
337,1,Skin
338,1,Skin
339,1,Skin
340,1,Skin
341,1,Skin
342,1,Skin
343,1,Skin
344,1,Skin
345,1,Skin
346,1,Skin
347,1,Skin
348,1,Skin
349,1,Skin
350,1,Skin
351,1,Skin
352,1,Skin
353,1,Skin
354,1,Skin
355,1,Skin
356,1,Skin
357,1,Skin
358,1,Skin
359,1,Skin
360,1,Skin
361,1,Skin
362,1,Skin
363,1,Skin
364,1,Skin
365,1,Skin
366,1,Skin
367,1,Skin
368,1,Skin
369,1,Skin
370,1,Skin
371,1,Skin
372,1,Skin
373,1,Skin
374,1,Skin
375,1,Skin
376,1,Skin
377,1,Skin
378,1,Skin
379,1,Skin
380,1,Skin
381,1,Skin
382,1,Skin
383,1,Skin
384,1,Skin
385,1,Skin
386,1,Skin
387,1,Skin
388,1,Skin
389,1,Skin
390,1,Skin
391,1,Skin
392,1,Skin
393,1,Skin
394,1,Skin
395,1,Skin
396,1,Skin
397,1,Skin
398,1,Skin
399,1,Skin
0,2,Bus
1,1,Bus
2,2,Bus
3,1,Bus
4,1,Bus
5,1,Bus
6,1,Bus
7,1,Bus
8,1,Bus
9,1,Bus
10,5,Bus
11,1,Bus
12,1,Bus
13,1,Bus
14,1,Bus
15,1,Bus
16,1,Bus
17,4,Bus
18,1,Bus
19,1,Bus
20,2,Bus
21,1,Bus
22,2,Bus
23,1,Bus
24,1,Bus
25,2,Bus
26,1,Bus
27,2,Bus
28,1,Bus
29,1,Bus
30,2,Bus
31,1,Bus
32,1,Bus
33,1,Bus
34,1,Bus
35,1,Bus
36,1,Bus
37,1,Bus
38,1,Bus
39,1,Bus
40,2,Bus
41,1,Bus
42,1,Bus
43,1,Bus
44,1,Bus
45,1,Bus
46,1,Bus
47,1,Bus
48,1,Bus
49,1,Bus
50,1,Bus
51,2,Bus
52,4,Bus
53,2,Bus
54,1,Bus
55,2,Bus
56,1,Bus
57,1,Bus
58,1,Bus
59,1,Bus
60,1,Bus
61,1,Bus
62,1,Bus
63,1,Bus
64,1,Bus
65,3,Bus
66,1,Bus
67,1,Bus
68,1,Bus
69,1,Bus
70,1,Bus
71,2,Bus
72,1,Bus
73,3,Bus
74,1,Bus
75,1,Bus
76,1,Bus
77,1,Bus
78,1,Bus
79,1,Bus
80,2,Bus
81,1,Bus
82,1,Bus
83,1,Bus
84,1,Bus
85,3,Bus
86,1,Bus
87,2,Bus
88,1,Bus
89,2,Bus
90,1,Bus
91,1,Bus
92,1,Bus
93,1,Bus
94,1,Bus
95,1,Bus
96,1,Bus
97,1,Bus
98,1,Bus
99,1,Bus
100,1,Bus
101,2,Bus
102,1,Bus
103,1,Bus
104,1,Bus
105,1,Bus
106,1,Bus
107,3,Bus
108,1,Bus
109,4,Bus
110,1,Bus
111,1,Bus
112,2,Bus
113,6,Bus
114,2,Bus
115,1,Bus
116,2,Bus
117,1,Bus
118,2,Bus
119,2,Bus
120,1,Bus
121,1,Bus
122,1,Bus
123,1,Bus
124,6,Bus
125,1,Bus
126,1,Bus
127,1,Bus
128,1,Bus
129,1,Bus
130,2,Bus
131,1,Bus
132,1,Bus
133,1,Bus
134,1,Bus
135,1,Bus
136,1,Bus
137,1,Bus
138,1,Bus
139,1,Bus
140,1,Bus
141,1,Bus
142,1,Bus
143,3,Bus
144,1,Bus
145,1,Bus
146,1,Bus
147,1,Bus
148,1,Bus
149,1,Bus
150,2,Bus
151,1,Bus
152,1,Bus
153,1,Bus
154,1,Bus
155,1,Bus
156,1,Bus
157,1,Bus
158,1,Bus
159,1,Bus
160,2,Bus
161,1,Bus
162,2,Bus
163,1,Bus
164,1,Bus
165,1,Bus
166,1,Bus
167,1,Bus
168,1,Bus
169,1,Bus
170,1,Bus
171,1,Bus
172,2,Bus
173,1,Bus
174,1,Bus
175,1,Bus
176,1,Bus
177,1,Bus
178,1,Bus
179,1,Bus
180,1,Bus
181,1,Bus
182,1,Bus
183,1,Bus
184,1,Bus
185,1,Bus
186,1,Bus
187,2,Bus
188,1,Bus
189,14,Bus
190,1,Bus
191,5,Bus
192,1,Bus
193,1,Bus
194,1,Bus
195,1,Bus
196,5,Bus
197,1,Bus
198,1,Bus
199,1,Bus
200,1,Bus
201,2,Bus
202,1,Bus
203,1,Bus
204,2,Bus
205,1,Bus
206,2,Bus
207,1,Bus
208,2,Bus
209,2,Bus
210,14,Bus
211,44,Bus
212,1,Bus
213,1,Bus
214,1,Bus
215,1,Bus
216,2,Bus
217,1,Bus
218,3,Bus
219,2,Bus
220,2,Bus
221,1,Bus
222,1,Bus
223,1,Bus
224,1,Bus
225,1,Bus
226,4,Bus
227,1,Bus
228,2,Bus
229,1,Bus
230,1,Bus
231,1,Bus
232,1,Bus
233,1,Bus
234,1,Bus
235,1,Bus
236,2,Bus
237,2,Bus
238,1,Bus
239,1,Bus
240,4,Bus
241,2,Bus
242,1,Bus
243,20,Bus
244,2,Bus
245,2,Bus
246,1,Bus
247,1,Bus
248,1,Bus
249,1,Bus
250,1,Bus
251,1,Bus
252,2,Bus
253,1,Bus
254,1,Bus
255,1,Bus
256,1,Bus
257,1,Bus
258,1,Bus
259,1,Bus
260,1,Bus
261,1,Bus
262,1,Bus
263,2,Bus
264,2,Bus
265,2,Bus
266,1,Bus
267,2,Bus
268,2,Bus
269,1,Bus
270,1,Bus
271,1,Bus
272,2,Bus
273,2,Bus
274,1,Bus
275,1,Bus
276,6,Bus
277,1,Bus
278,1,Bus
279,1,Bus
280,1,Bus
281,1,Bus
282,1,Bus
283,1,Bus
284,1,Bus
285,1,Bus
286,1,Bus
287,1,Bus
288,1,Bus
289,1,Bus
290,1,Bus
291,2,Bus
292,2,Bus
293,1,Bus
294,1,Bus
295,1,Bus
296,1,Bus
297,1,Bus
298,1,Bus
299,2,Bus
300,1,Bus
301,1,Bus
302,2,Bus
303,3,Bus
304,2,Bus
305,2,Bus
306,1,Bus
307,1,Bus
308,1,Bus
309,3,Bus
310,5,Bus
311,2,Bus
312,1,Bus
313,3,Bus
314,1,Bus
315,1,Bus
316,4,Bus
317,1,Bus
318,1,Bus
319,1,Bus
320,1,Bus
321,2,Bus
322,1,Bus
323,1,Bus
324,1,Bus
325,1,Bus
326,1,Bus
327,1,Bus
328,1,Bus
329,1,Bus
330,1,Bus
331,2,Bus
332,2,Bus
333,11,Bus
334,1,Bus
335,1,Bus
336,1,Bus
337,1,Bus
338,1,Bus
339,1,Bus
340,1,Bus
341,3,Bus
342,1,Bus
343,1,Bus
344,1,Bus
345,1,Bus
346,1,Bus
347,1,Bus
348,1,Bus
349,1,Bus
350,1,Bus
351,1,Bus
352,3,Bus
353,2,Bus
354,3,Bus
355,1,Bus
356,1,Bus
357,1,Bus
358,1,Bus
359,1,Bus
360,1,Bus
361,3,Bus
362,1,Bus
363,3,Bus
364,3,Bus
365,1,Bus
366,1,Bus
367,2,Bus
368,1,Bus
369,1,Bus
370,1,Bus
371,1,Bus
372,2,Bus
373,1,Bus
374,5,Bus
375,1,Bus
376,2,Bus
377,2,Bus
378,3,Bus
379,1,Bus
380,1,Bus
381,2,Bus
382,1,Bus
383,1,Bus
384,1,Bus
385,1,Bus
386,2,Bus
387,1,Bus
388,4,Bus
389,1,Bus
390,2,Bus
391,1,Bus
392,1,Bus
393,1,Bus
394,1,Bus
395,2,Bus
396,2,Bus
397,1,Bus
398,1,Bus
399,3,Bus
0,1,Stop sign
1,1,Stop sign
2,1,Stop sign
3,1,Stop sign
4,1,Stop sign
5,1,Stop sign
6,1,Stop sign
7,1,Stop sign
8,1,Stop sign
9,1,Stop sign
10,1,Stop sign
11,1,Stop sign
12,1,Stop sign
13,1,Stop sign
14,1,Stop sign
15,1,Stop sign
16,1,Stop sign
17,1,Stop sign
18,1,Stop sign
19,1,Stop sign
20,1,Stop sign
21,1,Stop sign
22,1,Stop sign
23,1,Stop sign
24,2,Stop sign
25,1,Stop sign
26,1,Stop sign
27,1,Stop sign
28,2,Stop sign
29,1,Stop sign
30,1,Stop sign
31,1,Stop sign
32,1,Stop sign
33,1,Stop sign
34,1,Stop sign
35,1,Stop sign
36,1,Stop sign
37,1,Stop sign
38,1,Stop sign
39,1,Stop sign
40,1,Stop sign
41,1,Stop sign
42,1,Stop sign
43,1,Stop sign
44,1,Stop sign
45,1,Stop sign
46,1,Stop sign
47,1,Stop sign
48,1,Stop sign
49,1,Stop sign
50,1,Stop sign
51,1,Stop sign
52,2,Stop sign
53,1,Stop sign
54,1,Stop sign
55,1,Stop sign
56,1,Stop sign
57,1,Stop sign
58,1,Stop sign
59,1,Stop sign
60,1,Stop sign
61,1,Stop sign
62,1,Stop sign
63,1,Stop sign
64,1,Stop sign
65,1,Stop sign
66,1,Stop sign
67,1,Stop sign
68,1,Stop sign
69,1,Stop sign
70,1,Stop sign
71,1,Stop sign
72,1,Stop sign
73,1,Stop sign
74,1,Stop sign
75,1,Stop sign
76,1,Stop sign
77,1,Stop sign
78,1,Stop sign
79,2,Stop sign
80,1,Stop sign
81,1,Stop sign
82,2,Stop sign
83,1,Stop sign
84,1,Stop sign
85,1,Stop sign
86,1,Stop sign
87,9,Stop sign
88,1,Stop sign
89,1,Stop sign
90,1,Stop sign
91,1,Stop sign
92,1,Stop sign
93,1,Stop sign
94,1,Stop sign
95,1,Stop sign
96,1,Stop sign
97,1,Stop sign
98,1,Stop sign
99,1,Stop sign
100,1,Stop sign
101,1,Stop sign
102,1,Stop sign
103,1,Stop sign
104,1,Stop sign
105,1,Stop sign
106,1,Stop sign
107,1,Stop sign
108,1,Stop sign
109,1,Stop sign
110,1,Stop sign
111,1,Stop sign
112,1,Stop sign
113,2,Stop sign
114,2,Stop sign
115,1,Stop sign
116,1,Stop sign
117,1,Stop sign
118,1,Stop sign
119,1,Stop sign
120,1,Stop sign
121,1,Stop sign
122,1,Stop sign
123,1,Stop sign
124,1,Stop sign
125,1,Stop sign
126,1,Stop sign
127,1,Stop sign
128,1,Stop sign
129,1,Stop sign
130,1,Stop sign
131,1,Stop sign
132,1,Stop sign
133,1,Stop sign
134,1,Stop sign
135,1,Stop sign
136,1,Stop sign
137,1,Stop sign
138,1,Stop sign
139,1,Stop sign
140,2,Stop sign
141,1,Stop sign
142,1,Stop sign
143,1,Stop sign
144,1,Stop sign
145,1,Stop sign
146,1,Stop sign
147,1,Stop sign
148,1,Stop sign
149,1,Stop sign
150,1,Stop sign
151,1,Stop sign
152,1,Stop sign
153,1,Stop sign
154,2,Stop sign
155,1,Stop sign
156,1,Stop sign
157,2,Stop sign
158,1,Stop sign
159,1,Stop sign
160,1,Stop sign
161,1,Stop sign
162,1,Stop sign
163,1,Stop sign
164,1,Stop sign
165,1,Stop sign
166,1,Stop sign
167,1,Stop sign
168,1,Stop sign
169,1,Stop sign
170,1,Stop sign
171,1,Stop sign
172,1,Stop sign
173,1,Stop sign
174,1,Stop sign
175,1,Stop sign
176,1,Stop sign
177,1,Stop sign
178,1,Stop sign
179,1,Stop sign
180,1,Stop sign
181,2,Stop sign
182,1,Stop sign
183,1,Stop sign
184,1,Stop sign
185,2,Stop sign
186,1,Stop sign
187,1,Stop sign
188,1,Stop sign
189,1,Stop sign
190,1,Stop sign
191,1,Stop sign
192,1,Stop sign
193,1,Stop sign
194,1,Stop sign
195,1,Stop sign
196,2,Stop sign
197,1,Stop sign
198,1,Stop sign
199,1,Stop sign
200,1,Stop sign
201,1,Stop sign
202,1,Stop sign
203,1,Stop sign
204,1,Stop sign
205,1,Stop sign
206,1,Stop sign
207,1,Stop sign
208,1,Stop sign
209,1,Stop sign
210,1,Stop sign
211,1,Stop sign
212,1,Stop sign
213,1,Stop sign
214,1,Stop sign
215,1,Stop sign
216,1,Stop sign
217,1,Stop sign
218,1,Stop sign
219,1,Stop sign
220,1,Stop sign
221,2,Stop sign
222,1,Stop sign
223,1,Stop sign
224,1,Stop sign
225,1,Stop sign
226,1,Stop sign
227,1,Stop sign
228,1,Stop sign
229,1,Stop sign
230,1,Stop sign
231,1,Stop sign
232,1,Stop sign
233,1,Stop sign
234,1,Stop sign
235,1,Stop sign
236,1,Stop sign
237,1,Stop sign
238,1,Stop sign
239,1,Stop sign
240,1,Stop sign
241,1,Stop sign
242,1,Stop sign
243,1,Stop sign
244,1,Stop sign
245,1,Stop sign
246,1,Stop sign
247,1,Stop sign
248,3,Stop sign
249,1,Stop sign
250,1,Stop sign
251,1,Stop sign
252,1,Stop sign
253,1,Stop sign
254,1,Stop sign
255,1,Stop sign
256,1,Stop sign
257,1,Stop sign
258,1,Stop sign
259,1,Stop sign
260,1,Stop sign
261,1,Stop sign
262,1,Stop sign
263,2,Stop sign
264,1,Stop sign
265,1,Stop sign
266,1,Stop sign
267,2,Stop sign
268,1,Stop sign
269,1,Stop sign
270,1,Stop sign
271,1,Stop sign
272,1,Stop sign
273,1,Stop sign
274,1,Stop sign
275,1,Stop sign
276,1,Stop sign
277,1,Stop sign
278,1,Stop sign
279,1,Stop sign
280,1,Stop sign
281,1,Stop sign
282,1,Stop sign
283,1,Stop sign
284,1,Stop sign
285,1,Stop sign
286,1,Stop sign
287,1,Stop sign
288,1,Stop sign
289,1,Stop sign
290,1,Stop sign
291,2,Stop sign
292,1,Stop sign
293,1,Stop sign
294,1,Stop sign
295,1,Stop sign
296,1,Stop sign
297,1,Stop sign
298,1,Stop sign
299,1,Stop sign
300,1,Stop sign
301,1,Stop sign
302,1,Stop sign
303,1,Stop sign
304,1,Stop sign
305,1,Stop sign
306,1,Stop sign
307,1,Stop sign
308,1,Stop sign
309,1,Stop sign
310,1,Stop sign
311,1,Stop sign
312,1,Stop sign
313,1,Stop sign
314,1,Stop sign
315,1,Stop sign
316,1,Stop sign
317,1,Stop sign
318,1,Stop sign
319,1,Stop sign
320,1,Stop sign
321,1,Stop sign
322,1,Stop sign
323,1,Stop sign
324,2,Stop sign
325,1,Stop sign
326,1,Stop sign
327,1,Stop sign
328,1,Stop sign
329,1,Stop sign
330,1,Stop sign
331,1,Stop sign
332,1,Stop sign
333,1,Stop sign
334,1,Stop sign
335,1,Stop sign
336,1,Stop sign
337,1,Stop sign
338,1,Stop sign
339,1,Stop sign
340,1,Stop sign
341,1,Stop sign
342,1,Stop sign
343,1,Stop sign
344,1,Stop sign
345,1,Stop sign
346,1,Stop sign
347,2,Stop sign
348,1,Stop sign
349,2,Stop sign
350,1,Stop sign
351,1,Stop sign
352,1,Stop sign
353,1,Stop sign
354,1,Stop sign
355,1,Stop sign
356,1,Stop sign
357,1,Stop sign
358,1,Stop sign
359,1,Stop sign
360,1,Stop sign
361,1,Stop sign
362,1,Stop sign
363,1,Stop sign
364,1,Stop sign
365,1,Stop sign
366,1,Stop sign
367,1,Stop sign
368,2,Stop sign
369,1,Stop sign
370,1,Stop sign
371,1,Stop sign
372,1,Stop sign
373,1,Stop sign
374,1,Stop sign
375,1,Stop sign
376,1,Stop sign
377,1,Stop sign
378,1,Stop sign
379,1,Stop sign
380,1,Stop sign
381,1,Stop sign
382,2,Stop sign
383,1,Stop sign
384,2,Stop sign
385,1,Stop sign
386,1,Stop sign
387,1,Stop sign
388,1,Stop sign
389,1,Stop sign
390,1,Stop sign
391,1,Stop sign
392,2,Stop sign
393,1,Stop sign
394,1,Stop sign
395,1,Stop sign
396,1,Stop sign
397,1,Stop sign
398,1,Stop sign
399,1,Stop sign
0,1,Clock
1,2,Clock
2,2,Clock
3,1,Clock
4,1,Clock
5,1,Clock
6,1,Clock
7,20,Clock
8,1,Clock
9,1,Clock
10,2,Clock
11,2,Clock
12,1,Clock
13,1,Clock
14,1,Clock
15,1,Clock
16,1,Clock
17,1,Clock
18,1,Clock
19,2,Clock
20,1,Clock
21,1,Clock
22,1,Clock
23,1,Clock
24,1,Clock
25,1,Clock
26,1,Clock
27,1,Clock
28,1,Clock
29,2,Clock
30,1,Clock
31,2,Clock
32,1,Clock
33,1,Clock
34,2,Clock
35,1,Clock
36,2,Clock
37,2,Clock
38,1,Clock
39,12,Clock
40,2,Clock
41,1,Clock
42,1,Clock
43,1,Clock
44,1,Clock
45,1,Clock
46,1,Clock
47,2,Clock
48,2,Clock
49,1,Clock
50,1,Clock
51,1,Clock
52,1,Clock
53,1,Clock
54,1,Clock
55,1,Clock
56,1,Clock
57,1,Clock
58,2,Clock
59,2,Clock
60,1,Clock
61,2,Clock
62,1,Clock
63,1,Clock
64,1,Clock
65,1,Clock
66,1,Clock
67,2,Clock
68,1,Clock
69,2,Clock
70,45,Clock
71,1,Clock
72,1,Clock
73,1,Clock
74,1,Clock
75,1,Clock
76,1,Clock
77,2,Clock
78,2,Clock
79,1,Clock
80,1,Clock
81,1,Clock
82,2,Clock
83,2,Clock
84,1,Clock
85,1,Clock
86,1,Clock
87,1,Clock
88,1,Clock
89,1,Clock
90,2,Clock
91,1,Clock
92,1,Clock
93,1,Clock
94,1,Clock
95,1,Clock
96,2,Clock
97,1,Clock
98,2,Clock
99,2,Clock
100,2,Clock
101,1,Clock
102,1,Clock
103,1,Clock
104,1,Clock
105,1,Clock
106,1,Clock
107,1,Clock
108,2,Clock
109,1,Clock
110,1,Clock
111,1,Clock
112,2,Clock
113,1,Clock
114,2,Clock
115,1,Clock
116,1,Clock
117,1,Clock
118,1,Clock
119,1,Clock
120,1,Clock
121,1,Clock
122,1,Clock
123,1,Clock
124,1,Clock
125,1,Clock
126,2,Clock
127,1,Clock
128,1,Clock
129,1,Clock
130,1,Clock
131,1,Clock
132,1,Clock
133,1,Clock
134,2,Clock
135,1,Clock
136,3,Clock
137,1,Clock
138,1,Clock
139,1,Clock
140,1,Clock
141,1,Clock
142,1,Clock
143,1,Clock
144,1,Clock
145,1,Clock
146,1,Clock
147,1,Clock
148,1,Clock
149,1,Clock
150,1,Clock
151,1,Clock
152,1,Clock
153,1,Clock
154,1,Clock
155,1,Clock
156,1,Clock
157,2,Clock
158,1,Clock
159,1,Clock
160,1,Clock
161,1,Clock
162,1,Clock
163,1,Clock
164,1,Clock
165,1,Clock
166,1,Clock
167,1,Clock
168,1,Clock
169,1,Clock
170,1,Clock
171,1,Clock
172,1,Clock
173,1,Clock
174,1,Clock
175,1,Clock
176,1,Clock
177,1,Clock
178,1,Clock
179,2,Clock
180,1,Clock
181,1,Clock
182,1,Clock
183,1,Clock
184,2,Clock
185,1,Clock
186,1,Clock
187,1,Clock
188,1,Clock
189,2,Clock
190,1,Clock
191,2,Clock
192,1,Clock
193,1,Clock
194,2,Clock
195,1,Clock
196,1,Clock
197,1,Clock
198,2,Clock
199,1,Clock
200,1,Clock
201,2,Clock
202,1,Clock
203,1,Clock
204,1,Clock
205,1,Clock
206,1,Clock
207,1,Clock
208,2,Clock
209,1,Clock
210,1,Clock
211,1,Clock
212,2,Clock
213,1,Clock
214,1,Clock
215,1,Clock
216,1,Clock
217,1,Clock
218,2,Clock
219,1,Clock
220,2,Clock
221,2,Clock
222,1,Clock
223,1,Clock
224,1,Clock
225,1,Clock
226,2,Clock
227,1,Clock
228,1,Clock
229,1,Clock
230,1,Clock
231,1,Clock
232,2,Clock
233,1,Clock
234,1,Clock
235,1,Clock
236,1,Clock
237,2,Clock
238,1,Clock
239,1,Clock
240,1,Clock
241,2,Clock
242,1,Clock
243,1,Clock
244,1,Clock
245,2,Clock
246,1,Clock
247,1,Clock
248,2,Clock
249,1,Clock
250,2,Clock
251,1,Clock
252,1,Clock
253,2,Clock
254,2,Clock
255,19,Clock
256,2,Clock
257,4,Clock
258,1,Clock
259,2,Clock
260,1,Clock
261,1,Clock
262,2,Clock
263,1,Clock
264,1,Clock
265,1,Clock
266,1,Clock
267,1,Clock
268,1,Clock
269,2,Clock
270,2,Clock
271,1,Clock
272,1,Clock
273,1,Clock
274,2,Clock
275,1,Clock
276,1,Clock
277,1,Clock
278,1,Clock
279,1,Clock
280,1,Clock
281,2,Clock
282,2,Clock
283,1,Clock
284,1,Clock
285,1,Clock
286,2,Clock
287,1,Clock
288,1,Clock
289,1,Clock
290,1,Clock
291,1,Clock
292,1,Clock
293,1,Clock
294,2,Clock
295,1,Clock
296,1,Clock
297,1,Clock
298,1,Clock
299,1,Clock
300,2,Clock
301,1,Clock
302,2,Clock
303,1,Clock
304,2,Clock
305,1,Clock
306,2,Clock
307,1,Clock
308,1,Clock
309,1,Clock
310,1,Clock
311,1,Clock
312,1,Clock
313,1,Clock
314,1,Clock
315,1,Clock
316,1,Clock
317,1,Clock
318,2,Clock
319,1,Clock
320,1,Clock
321,2,Clock
322,2,Clock
323,2,Clock
324,1,Clock
325,1,Clock
326,2,Clock
327,9,Clock
328,1,Clock
329,2,Clock
330,2,Clock
331,2,Clock
332,2,Clock
333,1,Clock
334,1,Clock
335,1,Clock
336,2,Clock
337,2,Clock
338,1,Clock
339,1,Clock
340,1,Clock
341,1,Clock
342,1,Clock
343,1,Clock
344,1,Clock
345,1,Clock
346,1,Clock
347,1,Clock
348,1,Clock
349,1,Clock
350,2,Clock
351,1,Clock
352,1,Clock
353,1,Clock
354,1,Clock
355,1,Clock
356,2,Clock
357,1,Clock
358,3,Clock
359,1,Clock
360,1,Clock
361,1,Clock
362,1,Clock
363,1,Clock
364,1,Clock
365,2,Clock
366,1,Clock
367,1,Clock
368,1,Clock
369,1,Clock
370,1,Clock
371,1,Clock
372,1,Clock
373,1,Clock
374,1,Clock
375,1,Clock
376,1,Clock
377,2,Clock
378,1,Clock
379,1,Clock
380,14,Clock
381,1,Clock
382,1,Clock
383,1,Clock
384,2,Clock
385,1,Clock
386,1,Clock
387,1,Clock
388,1,Clock
389,1,Clock
390,1,Clock
391,1,Clock
392,2,Clock
393,1,Clock
394,1,Clock
395,1,Clock
396,2,Clock
397,1,Clock
398,1,Clock
399,1,Clock
0,1,Baseball bat
1,4,Baseball bat
2,1,Baseball bat
3,1,Baseball bat
4,1,Baseball bat
5,1,Baseball bat
6,1,Baseball bat
7,7,Baseball bat
8,1,Baseball bat
9,1,Baseball bat
10,1,Baseball bat
11,1,Baseball bat
12,3,Baseball bat
13,1,Baseball bat
14,1,Baseball bat
15,1,Baseball bat
16,1,Baseball bat
17,1,Baseball bat
18,1,Baseball bat
19,1,Baseball bat
20,1,Baseball bat
21,1,Baseball bat
22,1,Baseball bat
23,1,Baseball bat
24,1,Baseball bat
25,1,Baseball bat
26,1,Baseball bat
27,1,Baseball bat
28,1,Baseball bat
29,2,Baseball bat
30,1,Baseball bat
31,1,Baseball bat
32,1,Baseball bat
33,1,Baseball bat
34,1,Baseball bat
35,1,Baseball bat
36,1,Baseball bat
37,1,Baseball bat
38,1,Baseball bat
39,1,Baseball bat
40,1,Baseball bat
41,2,Baseball bat
42,3,Baseball bat
43,1,Baseball bat
44,1,Baseball bat
45,3,Baseball bat
46,1,Baseball bat
47,1,Baseball bat
48,1,Baseball bat
49,1,Baseball bat
50,1,Baseball bat
51,1,Baseball bat
52,1,Baseball bat
53,1,Baseball bat
54,1,Baseball bat
55,2,Baseball bat
56,1,Baseball bat
57,1,Baseball bat
58,1,Baseball bat
59,1,Baseball bat
60,4,Baseball bat
61,1,Baseball bat
62,1,Baseball bat
63,1,Baseball bat
64,1,Baseball bat
65,1,Baseball bat
66,1,Baseball bat
67,1,Baseball bat
68,1,Baseball bat
69,1,Baseball bat
70,1,Baseball bat
71,1,Baseball bat
72,1,Baseball bat
73,1,Baseball bat
74,1,Baseball bat
75,2,Baseball bat
76,1,Baseball bat
77,2,Baseball bat
78,1,Baseball bat
79,1,Baseball bat
80,1,Baseball bat
81,1,Baseball bat
82,1,Baseball bat
83,28,Baseball bat
84,1,Baseball bat
85,1,Baseball bat
86,1,Baseball bat
87,1,Baseball bat
88,1,Baseball bat
89,1,Baseball bat
90,3,Baseball bat
91,1,Baseball bat
92,3,Baseball bat
93,1,Baseball bat
94,1,Baseball bat
95,1,Baseball bat
96,1,Baseball bat
97,1,Baseball bat
98,1,Baseball bat
99,2,Baseball bat
100,1,Baseball bat
101,1,Baseball bat
102,1,Baseball bat
103,1,Baseball bat
104,2,Baseball bat
105,1,Baseball bat
106,1,Baseball bat
107,1,Baseball bat
108,2,Baseball bat
109,1,Baseball bat
110,1,Baseball bat
111,1,Baseball bat
112,6,Baseball bat
113,2,Baseball bat
114,1,Baseball bat
115,1,Baseball bat
116,1,Baseball bat
117,1,Baseball bat
118,1,Baseball bat
119,1,Baseball bat
120,1,Baseball bat
121,2,Baseball bat
122,1,Baseball bat
123,1,Baseball bat
124,1,Baseball bat
125,1,Baseball bat
126,1,Baseball bat
127,1,Baseball bat
128,29,Baseball bat
129,1,Baseball bat
130,1,Baseball bat
131,1,Baseball bat
132,1,Baseball bat
133,1,Baseball bat
134,1,Baseball bat
135,1,Baseball bat
136,1,Baseball bat
137,1,Baseball bat
138,1,Baseball bat
139,2,Baseball bat
140,1,Baseball bat
141,1,Baseball bat
142,2,Baseball bat
143,1,Baseball bat
144,1,Baseball bat
145,1,Baseball bat
146,1,Baseball bat
147,1,Baseball bat
148,1,Baseball bat
149,1,Baseball bat
150,1,Baseball bat
151,2,Baseball bat
152,2,Baseball bat
153,3,Baseball bat
154,1,Baseball bat
155,2,Baseball bat
156,1,Baseball bat
157,1,Baseball bat
158,1,Baseball bat
159,1,Baseball bat
160,2,Baseball bat
161,1,Baseball bat
162,1,Baseball bat
163,1,Baseball bat
164,2,Baseball bat
165,1,Baseball bat
166,2,Baseball bat
167,1,Baseball bat
168,2,Baseball bat
169,1,Baseball bat
170,1,Baseball bat
171,1,Baseball bat
172,1,Baseball bat
173,1,Baseball bat
174,2,Baseball bat
175,1,Baseball bat
176,1,Baseball bat
177,1,Baseball bat
178,1,Baseball bat
179,3,Baseball bat
180,1,Baseball bat
181,2,Baseball bat
182,13,Baseball bat
183,1,Baseball bat
184,1,Baseball bat
185,1,Baseball bat
186,1,Baseball bat
187,8,Baseball bat
188,1,Baseball bat
189,1,Baseball bat
190,1,Baseball bat
191,1,Baseball bat
192,1,Baseball bat
193,1,Baseball bat
194,1,Baseball bat
195,1,Baseball bat
196,1,Baseball bat
197,1,Baseball bat
198,9,Baseball bat
199,3,Baseball bat
200,2,Baseball bat
201,1,Baseball bat
202,1,Baseball bat
203,1,Baseball bat
204,1,Baseball bat
205,1,Baseball bat
206,1,Baseball bat
207,1,Baseball bat
208,1,Baseball bat
209,1,Baseball bat
210,1,Baseball bat
211,1,Baseball bat
212,1,Baseball bat
213,2,Baseball bat
214,2,Baseball bat
215,1,Baseball bat
216,1,Baseball bat
217,1,Baseball bat
218,1,Baseball bat
219,1,Baseball bat
220,1,Baseball bat
221,1,Baseball bat
222,2,Baseball bat
223,1,Baseball bat
224,1,Baseball bat
225,1,Baseball bat
226,1,Baseball bat
227,1,Baseball bat
228,1,Baseball bat
229,2,Baseball bat
230,1,Baseball bat
231,4,Baseball bat
232,1,Baseball bat
233,1,Baseball bat
234,7,Baseball bat
235,1,Baseball bat
236,1,Baseball bat
237,1,Baseball bat
238,1,Baseball bat
239,6,Baseball bat
240,1,Baseball bat
241,1,Baseball bat
242,1,Baseball bat
243,2,Baseball bat
244,1,Baseball bat
245,2,Baseball bat
246,2,Baseball bat
247,1,Baseball bat
248,1,Baseball bat
249,1,Baseball bat
250,1,Baseball bat
251,1,Baseball bat
252,1,Baseball bat
253,1,Baseball bat
254,1,Baseball bat
255,2,Baseball bat
256,1,Baseball bat
257,1,Baseball bat
258,1,Baseball bat
259,3,Baseball bat
260,1,Baseball bat
261,1,Baseball bat
262,1,Baseball bat
263,1,Baseball bat
264,1,Baseball bat
265,1,Baseball bat
266,2,Baseball bat
267,1,Baseball bat
268,1,Baseball bat
269,1,Baseball bat
270,1,Baseball bat
271,1,Baseball bat
272,1,Baseball bat
273,1,Baseball bat
274,1,Baseball bat
275,1,Baseball bat
276,2,Baseball bat
277,1,Baseball bat
278,1,Baseball bat
279,1,Baseball bat
280,1,Baseball bat
281,2,Baseball bat
282,1,Baseball bat
283,1,Baseball bat
284,1,Baseball bat
285,2,Baseball bat
286,2,Baseball bat
287,1,Baseball bat
288,1,Baseball bat
289,1,Baseball bat
290,1,Baseball bat
291,1,Baseball bat
292,4,Baseball bat
293,1,Baseball bat
294,7,Baseball bat
295,1,Baseball bat
296,1,Baseball bat
297,1,Baseball bat
298,1,Baseball bat
299,1,Baseball bat
300,1,Baseball bat
301,1,Baseball bat
302,1,Baseball bat
303,1,Baseball bat
304,1,Baseball bat
305,1,Baseball bat
306,2,Baseball bat
307,1,Baseball bat
308,1,Baseball bat
309,2,Baseball bat
310,1,Baseball bat
311,2,Baseball bat
312,3,Baseball bat
313,1,Baseball bat
314,2,Baseball bat
315,1,Baseball bat
316,1,Baseball bat
317,1,Baseball bat
318,1,Baseball bat
319,1,Baseball bat
320,1,Baseball bat
321,1,Baseball bat
322,2,Baseball bat
323,3,Baseball bat
324,1,Baseball bat
325,2,Baseball bat
326,1,Baseball bat
327,1,Baseball bat
328,1,Baseball bat
329,1,Baseball bat
330,1,Baseball bat
331,1,Baseball bat
332,1,Baseball bat
333,1,Baseball bat
334,1,Baseball bat
335,1,Baseball bat
336,1,Baseball bat
337,1,Baseball bat
338,1,Baseball bat
339,2,Baseball bat
340,5,Baseball bat
341,1,Baseball bat
342,1,Baseball bat
343,1,Baseball bat
344,2,Baseball bat
345,1,Baseball bat
346,1,Baseball bat
347,1,Baseball bat
348,1,Baseball bat
349,2,Baseball bat
350,1,Baseball bat
351,1,Baseball bat
352,1,Baseball bat
353,1,Baseball bat
354,1,Baseball bat
355,1,Baseball bat
356,1,Baseball bat
357,1,Baseball bat
358,1,Baseball bat
359,1,Baseball bat
360,1,Baseball bat
361,1,Baseball bat
362,1,Baseball bat
363,1,Baseball bat
364,1,Baseball bat
365,1,Baseball bat
366,1,Baseball bat
367,1,Baseball bat
368,1,Baseball bat
369,1,Baseball bat
370,1,Baseball bat
371,1,Baseball bat
372,1,Baseball bat
373,1,Baseball bat
374,5,Baseball bat
375,1,Baseball bat
376,1,Baseball bat
377,1,Baseball bat
378,1,Baseball bat
379,1,Baseball bat
380,1,Baseball bat
381,2,Baseball bat
382,1,Baseball bat
383,1,Baseball bat
384,1,Baseball bat
385,1,Baseball bat
386,1,Baseball bat
387,1,Baseball bat
388,2,Baseball bat
389,1,Baseball bat
390,1,Baseball bat
391,1,Baseball bat
392,1,Baseball bat
393,1,Baseball bat
394,1,Baseball bat
395,1,Baseball bat
396,1,Baseball bat
397,2,Baseball bat
398,1,Baseball bat
399,1,Baseball bat
0,1,Breast
1,1,Breast
2,1,Breast
3,2,Breast
4,1,Breast
5,1,Breast
6,1,Breast
7,1,Breast
8,1,Breast
9,1,Breast
10,1,Breast
11,1,Breast
12,1,Breast
13,1,Breast
14,1,Breast
15,1,Breast
16,1,Breast
17,1,Breast
18,1,Breast
19,1,Breast
20,1,Breast
21,1,Breast
22,1,Breast
23,1,Breast
24,1,Breast
25,1,Breast
26,1,Breast
27,1,Breast
28,1,Breast
29,1,Breast
30,1,Breast
31,1,Breast
32,1,Breast
33,1,Breast
34,1,Breast
35,1,Breast
36,1,Breast
37,1,Breast
38,1,Breast
39,1,Breast
40,1,Breast
41,1,Breast
42,1,Breast
43,1,Breast
44,1,Breast
45,1,Breast
46,1,Breast
47,1,Breast
48,1,Breast
49,1,Breast
50,1,Breast
51,1,Breast
52,1,Breast
53,1,Breast
54,1,Breast
55,2,Breast
56,1,Breast
57,1,Breast
58,1,Breast
59,1,Breast
60,1,Breast
61,1,Breast
62,1,Breast
63,1,Breast
64,1,Breast
65,1,Breast
66,1,Breast
67,1,Breast
68,1,Breast
69,1,Breast
70,1,Breast
71,1,Breast
72,1,Breast
73,1,Breast
74,1,Breast
75,1,Breast
76,1,Breast
77,1,Breast
78,1,Breast
79,1,Breast
80,1,Breast
81,1,Breast
82,1,Breast
83,1,Breast
84,1,Breast
85,1,Breast
86,1,Breast
87,1,Breast
88,1,Breast
89,1,Breast
90,1,Breast
91,1,Breast
92,2,Breast
93,2,Breast
94,1,Breast
95,1,Breast
96,1,Breast
97,1,Breast
98,1,Breast
99,1,Breast
100,1,Breast
101,1,Breast
102,1,Breast
103,1,Breast
104,1,Breast
105,1,Breast
106,1,Breast
107,1,Breast
108,1,Breast
109,1,Breast
110,1,Breast
111,1,Breast
112,1,Breast
113,1,Breast
114,1,Breast
115,1,Breast
116,1,Breast
117,1,Breast
118,1,Breast
119,1,Breast
120,1,Breast
121,1,Breast
122,1,Breast
123,1,Breast
124,1,Breast
125,1,Breast
126,1,Breast
127,1,Breast
128,1,Breast
129,1,Breast
130,1,Breast
131,1,Breast
132,1,Breast
133,1,Breast
134,1,Breast
135,1,Breast
136,1,Breast
137,1,Breast
138,1,Breast
139,1,Breast
140,1,Breast
141,1,Breast
142,1,Breast
143,1,Breast
144,1,Breast
145,1,Breast
146,1,Breast
147,1,Breast
148,1,Breast
149,1,Breast
150,1,Breast
151,1,Breast
152,1,Breast
153,1,Breast
154,1,Breast
155,1,Breast
156,1,Breast
157,1,Breast
158,1,Breast
159,1,Breast
160,1,Breast
161,1,Breast
162,1,Breast
163,1,Breast
164,1,Breast
165,1,Breast
166,1,Breast
167,1,Breast
168,1,Breast
169,1,Breast
170,1,Breast
171,1,Breast
172,1,Breast
173,1,Breast
174,1,Breast
175,1,Breast
176,1,Breast
177,1,Breast
178,1,Breast
179,1,Breast
180,1,Breast
181,1,Breast
182,1,Breast
183,1,Breast
184,1,Breast
185,1,Breast
186,1,Breast
187,1,Breast
188,1,Breast
189,1,Breast
190,1,Breast
191,1,Breast
192,1,Breast
193,1,Breast
194,1,Breast
195,1,Breast
196,1,Breast
197,1,Breast
198,1,Breast
199,1,Breast
200,1,Breast
201,1,Breast
202,1,Breast
203,1,Breast
204,1,Breast
205,1,Breast
206,1,Breast
207,1,Breast
208,1,Breast
209,1,Breast
210,1,Breast
211,1,Breast
212,1,Breast
213,1,Breast
214,1,Breast
215,1,Breast
216,1,Breast
217,1,Breast
218,1,Breast
219,1,Breast
220,1,Breast
221,1,Breast
222,1,Breast
223,1,Breast
224,1,Breast
225,1,Breast
226,1,Breast
227,1,Breast
228,1,Breast
229,1,Breast
230,1,Breast
231,1,Breast
232,1,Breast
233,1,Breast
234,1,Breast
235,1,Breast
236,1,Breast
237,1,Breast
238,2,Breast
239,1,Breast
240,1,Breast
241,1,Breast
242,1,Breast
243,1,Breast
244,1,Breast
245,1,Breast
246,1,Breast
247,1,Breast
248,1,Breast
249,1,Breast
250,1,Breast
251,1,Breast
252,1,Breast
253,1,Breast
254,1,Breast
255,1,Breast
256,1,Breast
257,1,Breast
258,1,Breast
259,1,Breast
260,1,Breast
261,1,Breast
262,1,Breast
263,1,Breast
264,1,Breast
265,1,Breast
266,1,Breast
267,1,Breast
268,1,Breast
269,1,Breast
270,1,Breast
271,1,Breast
272,1,Breast
273,1,Breast
274,1,Breast
275,1,Breast
276,1,Breast
277,1,Breast
278,1,Breast
279,1,Breast
280,1,Breast
281,1,Breast
282,1,Breast
283,1,Breast
284,1,Breast
285,1,Breast
286,1,Breast
287,1,Breast
288,1,Breast
289,1,Breast
290,1,Breast
291,1,Breast
292,1,Breast
293,1,Breast
294,1,Breast
295,1,Breast
296,1,Breast
297,1,Breast
298,1,Breast
299,1,Breast
300,1,Breast
301,1,Breast
302,1,Breast
303,1,Breast
304,1,Breast
305,1,Breast
306,1,Breast
307,1,Breast
308,1,Breast
309,1,Breast
310,1,Breast
311,1,Breast
312,1,Breast
313,1,Breast
314,1,Breast
315,1,Breast
316,1,Breast
317,1,Breast
318,1,Breast
319,1,Breast
320,1,Breast
321,1,Breast
322,1,Breast
323,1,Breast
324,1,Breast
325,1,Breast
326,1,Breast
327,1,Breast
328,1,Breast
329,1,Breast
330,1,Breast
331,1,Breast
332,1,Breast
333,1,Breast
334,1,Breast
335,1,Breast
336,1,Breast
337,1,Breast
338,1,Breast
339,1,Breast
340,1,Breast
341,1,Breast
342,1,Breast
343,1,Breast
344,1,Breast
345,1,Breast
346,1,Breast
347,2,Breast
348,1,Breast
349,1,Breast
350,1,Breast
351,1,Breast
352,1,Breast
353,1,Breast
354,1,Breast
355,1,Breast
356,2,Breast
357,1,Breast
358,1,Breast
359,1,Breast
360,1,Breast
361,1,Breast
362,2,Breast
363,1,Breast
364,1,Breast
365,1,Breast
366,1,Breast
367,1,Breast
368,1,Breast
369,1,Breast
370,1,Breast
371,1,Breast
372,1,Breast
373,1,Breast
374,1,Breast
375,1,Breast
376,1,Breast
377,1,Breast
378,1,Breast
379,1,Breast
380,1,Breast
381,2,Breast
382,1,Breast
383,1,Breast
384,1,Breast
385,2,Breast
386,1,Breast
387,1,Breast
388,1,Breast
389,1,Breast
390,1,Breast
391,1,Breast
392,1,Breast
393,1,Breast
394,1,Breast
395,1,Breast
396,1,Breast
397,1,Breast
398,1,Breast
399,1,Breast
400,1,Breast
0,1,Bird
1,1,Bird
2,1,Bird
3,4,Bird
4,1,Bird
5,6,Bird
6,1,Bird
7,1,Bird
8,1,Bird
9,1,Bird
10,1,Bird
11,1,Bird
12,2,Bird
13,11,Bird
14,1,Bird
15,1,Bird
16,1,Bird
17,1,Bird
18,1,Bird
19,60,Bird
20,3,Bird
21,2,Bird
22,3,Bird
23,1,Bird
24,16,Bird
25,1,Bird
26,8,Bird
27,32,Bird
28,3,Bird
29,2,Bird
30,1,Bird
31,1,Bird
32,1,Bird
33,1,Bird
34,1,Bird
35,9,Bird
36,8,Bird
37,10,Bird
38,8,Bird
39,3,Bird
40,1,Bird
41,12,Bird
42,1,Bird
43,1,Bird
44,1,Bird
45,12,Bird
46,14,Bird
47,12,Bird
48,6,Bird
49,2,Bird
50,5,Bird
51,1,Bird
52,3,Bird
53,1,Bird
54,7,Bird
55,2,Bird
56,2,Bird
57,25,Bird
58,3,Bird
59,3,Bird
60,1,Bird
61,1,Bird
62,2,Bird
63,1,Bird
64,1,Bird
65,1,Bird
66,1,Bird
67,1,Bird
68,3,Bird
69,1,Bird
70,2,Bird
71,43,Bird
72,3,Bird
73,20,Bird
74,2,Bird
75,4,Bird
76,18,Bird
77,2,Bird
78,4,Bird
79,3,Bird
80,1,Bird
81,7,Bird
82,1,Bird
83,1,Bird
84,1,Bird
85,1,Bird
86,4,Bird
87,1,Bird
88,1,Bird
89,1,Bird
90,73,Bird
91,11,Bird
92,2,Bird
93,1,Bird
94,2,Bird
95,2,Bird
96,4,Bird
97,1,Bird
98,7,Bird
99,1,Bird
100,1,Bird
101,1,Bird
102,1,Bird
103,2,Bird
104,56,Bird
105,2,Bird
106,1,Bird
107,1,Bird
108,2,Bird
109,1,Bird
110,1,Bird
111,1,Bird
112,1,Bird
113,2,Bird
114,1,Bird
115,2,Bird
116,2,Bird
117,3,Bird
118,1,Bird
119,2,Bird
120,1,Bird
121,16,Bird
122,1,Bird
123,3,Bird
124,1,Bird
125,1,Bird
126,1,Bird
127,1,Bird
128,4,Bird
129,2,Bird
130,3,Bird
131,2,Bird
132,2,Bird
133,1,Bird
134,1,Bird
135,1,Bird
136,4,Bird
137,1,Bird
138,1,Bird
139,5,Bird
140,1,Bird
141,58,Bird
142,52,Bird
143,16,Bird
144,4,Bird
145,1,Bird
146,2,Bird
147,1,Bird
148,1,Bird
149,2,Bird
150,2,Bird
151,1,Bird
152,5,Bird
153,1,Bird
154,1,Bird
155,3,Bird
156,1,Bird
157,10,Bird
158,1,Bird
159,1,Bird
160,1,Bird
161,1,Bird
162,1,Bird
163,1,Bird
164,1,Bird
165,14,Bird
166,34,Bird
167,1,Bird
168,7,Bird
169,19,Bird
170,2,Bird
171,5,Bird
172,1,Bird
173,1,Bird
174,2,Bird
175,1,Bird
176,1,Bird
177,7,Bird
178,4,Bird
179,4,Bird
180,1,Bird
181,1,Bird
182,1,Bird
183,1,Bird
184,1,Bird
185,5,Bird
186,2,Bird
187,1,Bird
188,1,Bird
189,1,Bird
190,2,Bird
191,1,Bird
192,3,Bird
193,1,Bird
194,29,Bird
195,1,Bird
196,4,Bird
197,1,Bird
198,4,Bird
199,1,Bird
200,3,Bird
201,1,Bird
202,1,Bird
203,1,Bird
204,1,Bird
205,1,Bird
206,5,Bird
207,1,Bird
208,3,Bird
209,1,Bird
210,7,Bird
211,1,Bird
212,1,Bird
213,3,Bird
214,3,Bird
215,1,Bird
216,6,Bird
217,1,Bird
218,7,Bird
219,1,Bird
220,3,Bird
221,3,Bird
222,1,Bird
223,1,Bird
224,1,Bird
225,3,Bird
226,3,Bird
227,1,Bird
228,68,Bird
229,1,Bird
230,1,Bird
231,31,Bird
232,1,Bird
233,2,Bird
234,1,Bird
235,2,Bird
236,1,Bird
237,2,Bird
238,2,Bird
239,2,Bird
240,1,Bird
241,3,Bird
242,11,Bird
243,2,Bird
244,4,Bird
245,1,Bird
246,2,Bird
247,2,Bird
248,1,Bird
249,1,Bird
250,1,Bird
251,2,Bird
252,1,Bird
253,4,Bird
254,1,Bird
255,1,Bird
256,1,Bird
257,1,Bird
258,1,Bird
259,10,Bird
260,2,Bird
261,1,Bird
262,1,Bird
263,1,Bird
264,2,Bird
265,2,Bird
266,1,Bird
267,2,Bird
268,1,Bird
269,2,Bird
270,1,Bird
271,72,Bird
272,1,Bird
273,1,Bird
274,2,Bird
275,1,Bird
276,1,Bird
277,2,Bird
278,11,Bird
279,1,Bird
280,7,Bird
281,2,Bird
282,1,Bird
283,2,Bird
284,1,Bird
285,15,Bird
286,1,Bird
287,1,Bird
288,1,Bird
289,1,Bird
290,1,Bird
291,1,Bird
292,1,Bird
293,1,Bird
294,2,Bird
295,35,Bird
296,6,Bird
297,14,Bird
298,2,Bird
299,1,Bird
300,1,Bird
301,1,Bird
302,4,Bird
303,1,Bird
304,4,Bird
305,2,Bird
306,1,Bird
307,1,Bird
308,20,Bird
309,1,Bird
310,1,Bird
311,1,Bird
312,11,Bird
313,1,Bird
314,1,Bird
315,1,Bird
316,1,Bird
317,27,Bird
318,4,Bird
319,1,Bird
320,6,Bird
321,2,Bird
322,1,Bird
323,32,Bird
324,4,Bird
325,1,Bird
326,1,Bird
327,5,Bird
328,1,Bird
329,1,Bird
330,2,Bird
331,1,Bird
332,1,Bird
333,7,Bird
334,1,Bird
335,7,Bird
336,1,Bird
337,2,Bird
338,1,Bird
339,1,Bird
340,3,Bird
341,1,Bird
342,1,Bird
343,1,Bird
344,1,Bird
345,1,Bird
346,1,Bird
347,1,Bird
348,1,Bird
349,1,Bird
350,1,Bird
351,4,Bird
352,1,Bird
353,1,Bird
354,1,Bird
355,9,Bird
356,2,Bird
357,14,Bird
358,1,Bird
359,2,Bird
360,1,Bird
361,1,Bird
362,1,Bird
363,6,Bird
364,1,Bird
365,1,Bird
366,3,Bird
367,1,Bird
368,2,Bird
369,9,Bird
370,1,Bird
371,1,Bird
372,1,Bird
373,1,Bird
374,1,Bird
375,2,Bird
376,6,Bird
377,7,Bird
378,2,Bird
379,1,Bird
380,1,Bird
381,1,Bird
382,1,Bird
383,1,Bird
384,2,Bird
385,1,Bird
386,1,Bird
387,26,Bird
388,2,Bird
389,1,Bird
390,1,Bird
391,1,Bird
392,1,Bird
393,2,Bird
394,1,Bird
395,28,Bird
396,1,Bird
397,1,Bird
398,1,Bird
399,5,Bird
0,3,Dolphin below
1,1,Dolphin below
2,4,Dolphin below
3,1,Dolphin below
4,5,Dolphin below
5,2,Dolphin below
6,2,Dolphin below
7,2,Dolphin below
8,2,Dolphin below
9,1,Dolphin below
10,4,Dolphin below
11,1,Dolphin below
12,1,Dolphin below
13,1,Dolphin below
14,2,Dolphin below
15,1,Dolphin below
16,2,Dolphin below
17,1,Dolphin below
18,1,Dolphin below
19,1,Dolphin below
20,1,Dolphin below
21,3,Dolphin below
22,2,Dolphin below
23,2,Dolphin below
24,3,Dolphin below
25,2,Dolphin below
26,1,Dolphin below
27,1,Dolphin below
28,2,Dolphin below
29,1,Dolphin below
30,1,Dolphin below
31,2,Dolphin below
32,1,Dolphin below
33,1,Dolphin below
34,1,Dolphin below
35,1,Dolphin below
36,1,Dolphin below
37,1,Dolphin below
38,2,Dolphin below
39,3,Dolphin below
40,1,Dolphin below
41,1,Dolphin below
42,1,Dolphin below
43,2,Dolphin below
44,1,Dolphin below
45,1,Dolphin below
46,1,Dolphin below
47,1,Dolphin below
48,1,Dolphin below
49,1,Dolphin below
50,1,Dolphin below
51,1,Dolphin below
52,1,Dolphin below
53,1,Dolphin below
54,1,Dolphin below
55,2,Dolphin below
56,2,Dolphin below
57,1,Dolphin below
58,1,Dolphin below
59,1,Dolphin below
60,1,Dolphin below
61,1,Dolphin below
62,1,Dolphin below
63,2,Dolphin below
64,1,Dolphin below
65,3,Dolphin below
66,2,Dolphin below
67,2,Dolphin below
68,1,Dolphin below
69,2,Dolphin below
70,1,Dolphin below
71,2,Dolphin below
72,1,Dolphin below
73,2,Dolphin below
74,2,Dolphin below
75,1,Dolphin below
76,2,Dolphin below
77,2,Dolphin below
78,2,Dolphin below
79,2,Dolphin below
80,3,Dolphin below
81,1,Dolphin below
82,1,Dolphin below
83,1,Dolphin below
84,4,Dolphin below
85,1,Dolphin below
86,1,Dolphin below
87,2,Dolphin below
88,1,Dolphin below
89,2,Dolphin below
90,2,Dolphin below
91,2,Dolphin below
92,1,Dolphin below
93,2,Dolphin below
94,2,Dolphin below
95,2,Dolphin below
96,2,Dolphin below
97,2,Dolphin below
98,2,Dolphin below
99,1,Dolphin below
100,1,Dolphin below
101,1,Dolphin below
102,2,Dolphin below
103,1,Dolphin below
104,1,Dolphin below
105,1,Dolphin below
106,1,Dolphin below
107,1,Dolphin below
108,3,Dolphin below
109,1,Dolphin below
110,1,Dolphin below
111,1,Dolphin below
112,2,Dolphin below
113,1,Dolphin below
114,1,Dolphin below
115,1,Dolphin below
116,1,Dolphin below
117,1,Dolphin below
118,1,Dolphin below
119,2,Dolphin below
120,2,Dolphin below
121,2,Dolphin below
122,2,Dolphin below
123,2,Dolphin below
124,1,Dolphin below
125,1,Dolphin below
126,3,Dolphin below
127,3,Dolphin below
128,2,Dolphin below
129,3,Dolphin below
130,1,Dolphin below
131,1,Dolphin below
132,1,Dolphin below
133,2,Dolphin below
134,2,Dolphin below
135,2,Dolphin below
136,2,Dolphin below
137,3,Dolphin below
138,2,Dolphin below
139,1,Dolphin below
140,1,Dolphin below
141,2,Dolphin below
142,1,Dolphin below
143,1,Dolphin below
144,1,Dolphin below
145,1,Dolphin below
146,1,Dolphin below
147,2,Dolphin below
148,1,Dolphin below
149,1,Dolphin below
150,1,Dolphin below
151,1,Dolphin below
152,1,Dolphin below
153,2,Dolphin below
154,2,Dolphin below
155,2,Dolphin below
156,2,Dolphin below
157,2,Dolphin below
158,2,Dolphin below
159,2,Dolphin below
160,2,Dolphin below
161,1,Dolphin below
162,2,Dolphin below
163,1,Dolphin below
164,1,Dolphin below
165,1,Dolphin below
166,1,Dolphin below
167,1,Dolphin below
168,1,Dolphin below
169,2,Dolphin below
170,1,Dolphin below
171,1,Dolphin below
172,1,Dolphin below
173,1,Dolphin below
174,1,Dolphin below
175,1,Dolphin below
176,1,Dolphin below
177,1,Dolphin below
178,1,Dolphin below
179,1,Dolphin below
180,1,Dolphin below
181,1,Dolphin below
182,1,Dolphin below
183,1,Dolphin below
184,2,Dolphin below
185,2,Dolphin below
186,2,Dolphin below
187,2,Dolphin below
188,2,Dolphin below
189,1,Dolphin below
190,4,Dolphin below
191,1,Dolphin below
192,2,Dolphin below
193,2,Dolphin below
194,1,Dolphin below
195,1,Dolphin below
196,1,Dolphin below
197,1,Dolphin below
198,1,Dolphin below
199,1,Dolphin below
200,2,Dolphin below
201,1,Dolphin below
202,2,Dolphin below
203,4,Dolphin below
204,2,Dolphin below
205,3,Dolphin below
206,1,Dolphin below
207,3,Dolphin below
208,3,Dolphin below
209,1,Dolphin below
210,1,Dolphin below
211,1,Dolphin below
212,1,Dolphin below
213,2,Dolphin below
214,1,Dolphin below
215,2,Dolphin below
216,2,Dolphin below
217,2,Dolphin below
218,2,Dolphin below
219,1,Dolphin below
220,1,Dolphin below
221,1,Dolphin below
222,2,Dolphin below
223,1,Dolphin below
224,1,Dolphin below
225,1,Dolphin below
226,1,Dolphin below
227,2,Dolphin below
228,1,Dolphin below
229,1,Dolphin below
230,3,Dolphin below
231,3,Dolphin below
232,1,Dolphin below
233,2,Dolphin below
234,1,Dolphin below
235,1,Dolphin below
236,1,Dolphin below
237,1,Dolphin below
238,1,Dolphin below
239,1,Dolphin below
240,2,Dolphin below
241,3,Dolphin below
242,1,Dolphin below
243,1,Dolphin below
244,1,Dolphin below
245,1,Dolphin below
246,1,Dolphin below
247,1,Dolphin below
248,2,Dolphin below
249,1,Dolphin below
250,1,Dolphin below
251,2,Dolphin below
252,1,Dolphin below
253,1,Dolphin below
254,2,Dolphin below
255,2,Dolphin below
256,1,Dolphin below
257,1,Dolphin below
258,3,Dolphin below
259,1,Dolphin below
260,1,Dolphin below
261,3,Dolphin below
262,1,Dolphin below
263,1,Dolphin below
264,1,Dolphin below
265,1,Dolphin below
266,1,Dolphin below
267,2,Dolphin below
268,1,Dolphin below
269,2,Dolphin below
270,1,Dolphin below
271,1,Dolphin below
272,2,Dolphin below
273,2,Dolphin below
274,1,Dolphin below
275,2,Dolphin below
276,1,Dolphin below
277,1,Dolphin below
278,2,Dolphin below
279,1,Dolphin below
280,1,Dolphin below
281,1,Dolphin below
282,1,Dolphin below
283,1,Dolphin below
284,1,Dolphin below
285,1,Dolphin below
286,1,Dolphin below
287,1,Dolphin below
288,1,Dolphin below
289,1,Dolphin below
290,2,Dolphin below
291,1,Dolphin below
292,2,Dolphin below
293,2,Dolphin below
294,2,Dolphin below
295,1,Dolphin below
296,2,Dolphin below
297,1,Dolphin below
298,1,Dolphin below
299,1,Dolphin below
300,1,Dolphin below
301,1,Dolphin below
302,1,Dolphin below
303,1,Dolphin below
304,2,Dolphin below
305,3,Dolphin below
306,1,Dolphin below
307,1,Dolphin below
308,2,Dolphin below
309,1,Dolphin below
310,2,Dolphin below
311,2,Dolphin below
312,1,Dolphin below
313,1,Dolphin below
314,2,Dolphin below
315,1,Dolphin below
316,1,Dolphin below
317,1,Dolphin below
318,1,Dolphin below
319,1,Dolphin below
320,1,Dolphin below
321,1,Dolphin below
322,1,Dolphin below
323,1,Dolphin below
324,1,Dolphin below
325,1,Dolphin below
326,1,Dolphin below
327,1,Dolphin below
328,1,Dolphin below
329,1,Dolphin below
330,2,Dolphin below
331,2,Dolphin below
332,1,Dolphin below
333,1,Dolphin below
334,1,Dolphin below
335,1,Dolphin below
336,1,Dolphin below
337,2,Dolphin below
338,1,Dolphin below
339,1,Dolphin below
340,1,Dolphin below
341,1,Dolphin below
342,1,Dolphin below
343,1,Dolphin below
344,1,Dolphin below
345,1,Dolphin below
346,1,Dolphin below
347,1,Dolphin below
348,1,Dolphin below
349,3,Dolphin below
350,1,Dolphin below
351,1,Dolphin below
352,2,Dolphin below
353,1,Dolphin below
354,2,Dolphin below
355,1,Dolphin below
356,1,Dolphin below
357,1,Dolphin below
358,1,Dolphin below
359,2,Dolphin below
360,1,Dolphin below
361,1,Dolphin below
362,1,Dolphin below
363,1,Dolphin below
364,2,Dolphin below
365,2,Dolphin below
366,1,Dolphin below
367,1,Dolphin below
368,1,Dolphin below
369,1,Dolphin below
370,1,Dolphin below
371,2,Dolphin below
372,1,Dolphin below
373,1,Dolphin below
374,1,Dolphin below
375,1,Dolphin below
376,1,Dolphin below
377,1,Dolphin below
378,1,Dolphin below
379,1,Dolphin below
380,1,Dolphin below
381,1,Dolphin below
382,1,Dolphin below
383,1,Dolphin below
384,1,Dolphin below
385,1,Dolphin below
386,1,Dolphin below
387,1,Dolphin below
388,1,Dolphin below
389,1,Dolphin below
390,1,Dolphin below
391,1,Dolphin below
392,1,Dolphin below
393,1,Dolphin below
394,1,Dolphin below
395,1,Dolphin below
396,2,Dolphin below
397,2,Dolphin below
398,2,Dolphin below
399,2,Dolphin below
0,2,Dog
1,1,Dog
2,1,Dog
3,1,Dog
4,2,Dog
5,1,Dog
6,2,Dog
7,1,Dog
8,1,Dog
9,1,Dog
10,1,Dog
11,1,Dog
12,1,Dog
13,1,Dog
14,1,Dog
15,1,Dog
16,1,Dog
17,2,Dog
18,1,Dog
19,1,Dog
20,1,Dog
21,1,Dog
22,1,Dog
23,2,Dog
24,3,Dog
25,1,Dog
26,1,Dog
27,1,Dog
28,1,Dog
29,1,Dog
30,1,Dog
31,1,Dog
32,1,Dog
33,1,Dog
34,1,Dog
35,2,Dog
36,1,Dog
37,1,Dog
38,1,Dog
39,1,Dog
40,1,Dog
41,1,Dog
42,1,Dog
43,1,Dog
44,1,Dog
45,1,Dog
46,1,Dog
47,1,Dog
48,1,Dog
49,1,Dog
50,2,Dog
51,1,Dog
52,1,Dog
53,1,Dog
54,1,Dog
55,1,Dog
56,1,Dog
57,1,Dog
58,1,Dog
59,1,Dog
60,1,Dog
61,1,Dog
62,1,Dog
63,1,Dog
64,1,Dog
65,2,Dog
66,1,Dog
67,1,Dog
68,1,Dog
69,1,Dog
70,1,Dog
71,1,Dog
72,1,Dog
73,1,Dog
74,2,Dog
75,11,Dog
76,2,Dog
77,11,Dog
78,1,Dog
79,1,Dog
80,1,Dog
81,1,Dog
82,1,Dog
83,1,Dog
84,1,Dog
85,1,Dog
86,1,Dog
87,1,Dog
88,1,Dog
89,1,Dog
90,3,Dog
91,1,Dog
92,1,Dog
93,1,Dog
94,1,Dog
95,5,Dog
96,2,Dog
97,1,Dog
98,2,Dog
99,1,Dog
100,1,Dog
101,1,Dog
102,2,Dog
103,1,Dog
104,1,Dog
105,1,Dog
106,1,Dog
107,2,Dog
108,1,Dog
109,1,Dog
110,1,Dog
111,2,Dog
112,1,Dog
113,1,Dog
114,1,Dog
115,1,Dog
116,1,Dog
117,1,Dog
118,1,Dog
119,2,Dog
120,1,Dog
121,1,Dog
122,1,Dog
123,1,Dog
124,1,Dog
125,2,Dog
126,1,Dog
127,1,Dog
128,1,Dog
129,1,Dog
130,1,Dog
131,1,Dog
132,1,Dog
133,1,Dog
134,1,Dog
135,1,Dog
136,3,Dog
137,1,Dog
138,1,Dog
139,1,Dog
140,1,Dog
141,1,Dog
142,1,Dog
143,1,Dog
144,1,Dog
145,1,Dog
146,1,Dog
147,2,Dog
148,2,Dog
149,1,Dog
150,1,Dog
151,1,Dog
152,1,Dog
153,1,Dog
154,1,Dog
155,1,Dog
156,1,Dog
157,1,Dog
158,2,Dog
159,1,Dog
160,2,Dog
161,1,Dog
162,1,Dog
163,2,Dog
164,1,Dog
165,1,Dog
166,1,Dog
167,1,Dog
168,1,Dog
169,1,Dog
170,1,Dog
171,1,Dog
172,2,Dog
173,1,Dog
174,1,Dog
175,1,Dog
176,1,Dog
177,1,Dog
178,1,Dog
179,1,Dog
180,1,Dog
181,1,Dog
182,1,Dog
183,1,Dog
184,2,Dog
185,1,Dog
186,1,Dog
187,1,Dog
188,1,Dog
189,1,Dog
190,1,Dog
191,1,Dog
192,1,Dog
193,1,Dog
194,1,Dog
195,2,Dog
196,1,Dog
197,1,Dog
198,1,Dog
199,2,Dog
200,1,Dog
201,1,Dog
202,1,Dog
203,1,Dog
204,1,Dog
205,1,Dog
206,1,Dog
207,1,Dog
208,2,Dog
209,1,Dog
210,8,Dog
211,1,Dog
212,3,Dog
213,10,Dog
214,1,Dog
215,1,Dog
216,3,Dog
217,1,Dog
218,1,Dog
219,1,Dog
220,1,Dog
221,4,Dog
222,1,Dog
223,1,Dog
224,1,Dog
225,1,Dog
226,3,Dog
227,1,Dog
228,1,Dog
229,1,Dog
230,1,Dog
231,1,Dog
232,1,Dog
233,1,Dog
234,1,Dog
235,1,Dog
236,1,Dog
237,1,Dog
238,2,Dog
239,11,Dog
240,1,Dog
241,1,Dog
242,1,Dog
243,1,Dog
244,1,Dog
245,1,Dog
246,1,Dog
247,1,Dog
248,1,Dog
249,1,Dog
250,1,Dog
251,1,Dog
252,2,Dog
253,1,Dog
254,1,Dog
255,1,Dog
256,1,Dog
257,1,Dog
258,2,Dog
259,9,Dog
260,1,Dog
261,2,Dog
262,1,Dog
263,1,Dog
264,3,Dog
265,1,Dog
266,1,Dog
267,1,Dog
268,1,Dog
269,1,Dog
270,1,Dog
271,1,Dog
272,2,Dog
273,1,Dog
274,1,Dog
275,1,Dog
276,1,Dog
277,1,Dog
278,1,Dog
279,1,Dog
280,3,Dog
281,1,Dog
282,1,Dog
283,1,Dog
284,1,Dog
285,1,Dog
286,1,Dog
287,1,Dog
288,1,Dog
289,1,Dog
290,1,Dog
291,1,Dog
292,1,Dog
293,1,Dog
294,1,Dog
295,4,Dog
296,1,Dog
297,1,Dog
298,1,Dog
299,1,Dog
300,1,Dog
301,1,Dog
302,2,Dog
303,1,Dog
304,2,Dog
305,1,Dog
306,1,Dog
307,1,Dog
308,1,Dog
309,1,Dog
310,1,Dog
311,1,Dog
312,1,Dog
313,1,Dog
314,1,Dog
315,1,Dog
316,1,Dog
317,1,Dog
318,1,Dog
319,1,Dog
320,1,Dog
321,1,Dog
322,1,Dog
323,1,Dog
324,1,Dog
325,1,Dog
326,1,Dog
327,1,Dog
328,1,Dog
329,3,Dog
330,1,Dog
331,1,Dog
332,1,Dog
333,1,Dog
334,1,Dog
335,2,Dog
336,1,Dog
337,1,Dog
338,1,Dog
339,2,Dog
340,2,Dog
341,1,Dog
342,1,Dog
343,1,Dog
344,2,Dog
345,1,Dog
346,1,Dog
347,2,Dog
348,1,Dog
349,1,Dog
350,1,Dog
351,25,Dog
352,1,Dog
353,1,Dog
354,1,Dog
355,2,Dog
356,1,Dog
357,1,Dog
358,1,Dog
359,1,Dog
360,1,Dog
361,2,Dog
362,1,Dog
363,1,Dog
364,1,Dog
365,1,Dog
366,1,Dog
367,1,Dog
368,1,Dog
369,1,Dog
370,4,Dog
371,1,Dog
372,1,Dog
373,1,Dog
374,1,Dog
375,1,Dog
376,1,Dog
377,1,Dog
378,1,Dog
379,2,Dog
380,1,Dog
381,1,Dog
382,1,Dog
383,1,Dog
384,2,Dog
385,1,Dog
386,1,Dog
387,3,Dog
388,1,Dog
389,1,Dog
390,1,Dog
391,1,Dog
392,1,Dog
393,1,Dog
394,2,Dog
395,1,Dog
396,3,Dog
397,1,Dog
398,1,Dog
399,1,Dog
0,1,Dolphin above
1,1,Dolphin above
2,1,Dolphin above
3,2,Dolphin above
4,1,Dolphin above
5,1,Dolphin above
6,1,Dolphin above
7,2,Dolphin above
8,1,Dolphin above
9,1,Dolphin above
10,1,Dolphin above
11,2,Dolphin above
12,1,Dolphin above
13,2,Dolphin above
14,1,Dolphin above
15,1,Dolphin above
16,1,Dolphin above
17,1,Dolphin above
18,1,Dolphin above
19,1,Dolphin above
20,1,Dolphin above
21,2,Dolphin above
22,1,Dolphin above
23,1,Dolphin above
24,1,Dolphin above
25,1,Dolphin above
26,1,Dolphin above
27,1,Dolphin above
28,1,Dolphin above
29,2,Dolphin above
30,1,Dolphin above
31,3,Dolphin above
32,1,Dolphin above
33,3,Dolphin above
34,1,Dolphin above
35,3,Dolphin above
36,1,Dolphin above
37,1,Dolphin above
38,3,Dolphin above
39,1,Dolphin above
40,2,Dolphin above
41,1,Dolphin above
42,1,Dolphin above
43,1,Dolphin above
44,1,Dolphin above
45,1,Dolphin above
46,1,Dolphin above
47,1,Dolphin above
48,1,Dolphin above
49,1,Dolphin above
50,1,Dolphin above
51,1,Dolphin above
52,1,Dolphin above
53,1,Dolphin above
54,1,Dolphin above
55,1,Dolphin above
56,1,Dolphin above
57,1,Dolphin above
58,1,Dolphin above
59,1,Dolphin above
60,1,Dolphin above
61,1,Dolphin above
62,1,Dolphin above
63,1,Dolphin above
64,1,Dolphin above
65,1,Dolphin above
66,1,Dolphin above
67,1,Dolphin above
68,1,Dolphin above
69,1,Dolphin above
70,1,Dolphin above
71,1,Dolphin above
72,1,Dolphin above
73,1,Dolphin above
74,1,Dolphin above
75,1,Dolphin above
76,1,Dolphin above
77,1,Dolphin above
78,1,Dolphin above
79,1,Dolphin above
80,1,Dolphin above
81,1,Dolphin above
82,1,Dolphin above
83,1,Dolphin above
84,1,Dolphin above
85,1,Dolphin above
86,1,Dolphin above
87,1,Dolphin above
88,1,Dolphin above
89,1,Dolphin above
90,1,Dolphin above
91,1,Dolphin above
92,1,Dolphin above
93,1,Dolphin above
94,1,Dolphin above
95,1,Dolphin above
96,1,Dolphin above
97,1,Dolphin above
98,1,Dolphin above
99,1,Dolphin above
100,1,Dolphin above
101,1,Dolphin above
102,1,Dolphin above
103,1,Dolphin above
104,1,Dolphin above
105,1,Dolphin above
106,1,Dolphin above
107,1,Dolphin above
108,1,Dolphin above
109,1,Dolphin above
110,1,Dolphin above
111,1,Dolphin above
112,1,Dolphin above
113,1,Dolphin above
114,1,Dolphin above
115,1,Dolphin above
116,1,Dolphin above
117,1,Dolphin above
118,1,Dolphin above
119,1,Dolphin above
120,1,Dolphin above
121,1,Dolphin above
122,1,Dolphin above
123,1,Dolphin above
124,1,Dolphin above
125,1,Dolphin above
126,1,Dolphin above
127,1,Dolphin above
128,1,Dolphin above
129,1,Dolphin above
130,1,Dolphin above
131,1,Dolphin above
132,1,Dolphin above
133,1,Dolphin above
134,1,Dolphin above
135,1,Dolphin above
136,1,Dolphin above
137,1,Dolphin above
138,1,Dolphin above
139,1,Dolphin above
140,1,Dolphin above
141,1,Dolphin above
142,1,Dolphin above
143,1,Dolphin above
144,1,Dolphin above
145,2,Dolphin above
146,2,Dolphin above
147,1,Dolphin above
148,1,Dolphin above
149,1,Dolphin above
150,1,Dolphin above
151,1,Dolphin above
152,1,Dolphin above
153,1,Dolphin above
154,1,Dolphin above
155,1,Dolphin above
156,1,Dolphin above
157,1,Dolphin above
158,1,Dolphin above
159,1,Dolphin above
160,1,Dolphin above
161,1,Dolphin above
162,1,Dolphin above
163,1,Dolphin above
164,1,Dolphin above
165,1,Dolphin above
166,1,Dolphin above
167,1,Dolphin above
168,1,Dolphin above
169,1,Dolphin above
170,1,Dolphin above
171,1,Dolphin above
172,1,Dolphin above
173,1,Dolphin above
174,1,Dolphin above
175,1,Dolphin above
176,1,Dolphin above
177,1,Dolphin above
178,1,Dolphin above
179,1,Dolphin above
180,1,Dolphin above
181,1,Dolphin above
182,1,Dolphin above
183,1,Dolphin above
184,1,Dolphin above
185,1,Dolphin above
186,1,Dolphin above
187,1,Dolphin above
188,1,Dolphin above
189,1,Dolphin above
190,1,Dolphin above
191,1,Dolphin above
192,1,Dolphin above
193,1,Dolphin above
194,1,Dolphin above
195,1,Dolphin above
196,1,Dolphin above
197,1,Dolphin above
198,1,Dolphin above
199,1,Dolphin above
200,1,Dolphin above
201,1,Dolphin above
202,1,Dolphin above
203,1,Dolphin above
204,1,Dolphin above
205,1,Dolphin above
206,1,Dolphin above
207,1,Dolphin above
208,1,Dolphin above
209,1,Dolphin above
210,1,Dolphin above
211,1,Dolphin above
212,1,Dolphin above
213,1,Dolphin above
214,1,Dolphin above
215,1,Dolphin above
216,1,Dolphin above
217,2,Dolphin above
218,2,Dolphin above
219,1,Dolphin above
220,2,Dolphin above
221,2,Dolphin above
222,2,Dolphin above
223,2,Dolphin above
224,3,Dolphin above
225,1,Dolphin above
226,1,Dolphin above
227,1,Dolphin above
228,1,Dolphin above
229,1,Dolphin above
230,1,Dolphin above
231,1,Dolphin above
232,1,Dolphin above
233,1,Dolphin above
234,1,Dolphin above
235,1,Dolphin above
236,1,Dolphin above
237,1,Dolphin above
238,1,Dolphin above
239,1,Dolphin above
240,1,Dolphin above
241,1,Dolphin above
242,1,Dolphin above
243,1,Dolphin above
244,1,Dolphin above
245,1,Dolphin above
246,1,Dolphin above
247,1,Dolphin above
248,1,Dolphin above
249,1,Dolphin above
250,1,Dolphin above
251,1,Dolphin above
252,1,Dolphin above
253,1,Dolphin above
254,1,Dolphin above
255,1,Dolphin above
256,1,Dolphin above
257,1,Dolphin above
258,1,Dolphin above
259,2,Dolphin above
260,2,Dolphin above
261,2,Dolphin above
262,3,Dolphin above
263,2,Dolphin above
264,2,Dolphin above
265,1,Dolphin above
266,1,Dolphin above
267,1,Dolphin above
268,1,Dolphin above
269,1,Dolphin above
270,1,Dolphin above
271,1,Dolphin above
272,2,Dolphin above
273,1,Dolphin above
274,1,Dolphin above
275,1,Dolphin above
276,1,Dolphin above
277,1,Dolphin above
278,1,Dolphin above
279,1,Dolphin above
280,1,Dolphin above
281,1,Dolphin above
282,1,Dolphin above
283,1,Dolphin above
284,1,Dolphin above
285,1,Dolphin above
286,1,Dolphin above
287,1,Dolphin above
288,1,Dolphin above
289,1,Dolphin above
290,1,Dolphin above
291,1,Dolphin above
292,1,Dolphin above
293,1,Dolphin above
294,3,Dolphin above
295,1,Dolphin above
296,1,Dolphin above
297,1,Dolphin above
298,2,Dolphin above
299,3,Dolphin above
300,3,Dolphin above
301,1,Dolphin above
302,1,Dolphin above
303,1,Dolphin above
304,1,Dolphin above
305,3,Dolphin above
306,3,Dolphin above
307,1,Dolphin above
308,1,Dolphin above
309,1,Dolphin above
310,3,Dolphin above
311,3,Dolphin above
312,3,Dolphin above
313,1,Dolphin above
314,1,Dolphin above
315,1,Dolphin above
316,1,Dolphin above
317,1,Dolphin above
318,1,Dolphin above
319,2,Dolphin above
320,2,Dolphin above
321,3,Dolphin above
322,2,Dolphin above
323,1,Dolphin above
324,1,Dolphin above
325,1,Dolphin above
326,1,Dolphin above
327,1,Dolphin above
328,2,Dolphin above
329,2,Dolphin above
330,2,Dolphin above
331,3,Dolphin above
332,1,Dolphin above
333,2,Dolphin above
334,2,Dolphin above
335,2,Dolphin above
336,1,Dolphin above
337,4,Dolphin above
338,2,Dolphin above
339,1,Dolphin above
340,2,Dolphin above
341,2,Dolphin above
342,2,Dolphin above
343,3,Dolphin above
344,3,Dolphin above
345,3,Dolphin above
346,3,Dolphin above
347,1,Dolphin above
348,1,Dolphin above
349,2,Dolphin above
350,1,Dolphin above
351,1,Dolphin above
352,1,Dolphin above
353,1,Dolphin above
354,1,Dolphin above
355,1,Dolphin above
356,1,Dolphin above
357,3,Dolphin above
358,1,Dolphin above
359,1,Dolphin above
360,1,Dolphin above
361,1,Dolphin above
362,2,Dolphin above
363,1,Dolphin above
364,1,Dolphin above
365,1,Dolphin above
366,1,Dolphin above
367,1,Dolphin above
368,2,Dolphin above
369,2,Dolphin above
370,2,Dolphin above
371,2,Dolphin above
372,1,Dolphin above
373,1,Dolphin above
374,1,Dolphin above
375,2,Dolphin above
376,1,Dolphin above
377,1,Dolphin above
378,1,Dolphin above
379,1,Dolphin above
380,1,Dolphin above
381,1,Dolphin above
382,1,Dolphin above
383,1,Dolphin above
384,2,Dolphin above
385,1,Dolphin above
386,1,Dolphin above
387,2,Dolphin above
388,2,Dolphin above
389,1,Dolphin above
390,1,Dolphin above
391,2,Dolphin above
392,2,Dolphin above
393,1,Dolphin above
394,1,Dolphin above
395,1,Dolphin above
396,3,Dolphin above
397,3,Dolphin above
398,1,Dolphin above
399,1,Dolphin above
0,1,Tie
1,7,Tie
2,1,Tie
3,1,Tie
4,1,Tie
5,1,Tie
6,1,Tie
7,1,Tie
8,1,Tie
9,1,Tie
10,1,Tie
11,1,Tie
12,2,Tie
13,1,Tie
14,1,Tie
15,10,Tie
16,1,Tie
17,1,Tie
18,1,Tie
19,1,Tie
20,1,Tie
21,1,Tie
22,1,Tie
23,2,Tie
24,1,Tie
25,1,Tie
26,1,Tie
27,1,Tie
28,1,Tie
29,1,Tie
30,1,Tie
31,1,Tie
32,1,Tie
33,1,Tie
34,1,Tie
35,1,Tie
36,1,Tie
37,1,Tie
38,1,Tie
39,1,Tie
40,1,Tie
41,2,Tie
42,1,Tie
43,1,Tie
44,1,Tie
45,1,Tie
46,1,Tie
47,1,Tie
48,1,Tie
49,1,Tie
50,1,Tie
51,1,Tie
52,1,Tie
53,1,Tie
54,13,Tie
55,1,Tie
56,1,Tie
57,1,Tie
58,1,Tie
59,2,Tie
60,1,Tie
61,1,Tie
62,1,Tie
63,4,Tie
64,2,Tie
65,1,Tie
66,1,Tie
67,1,Tie
68,1,Tie
69,1,Tie
70,1,Tie
71,1,Tie
72,2,Tie
73,1,Tie
74,1,Tie
75,1,Tie
76,2,Tie
77,1,Tie
78,1,Tie
79,1,Tie
80,1,Tie
81,1,Tie
82,1,Tie
83,1,Tie
84,1,Tie
85,1,Tie
86,1,Tie
87,2,Tie
88,1,Tie
89,1,Tie
90,2,Tie
91,1,Tie
92,1,Tie
93,1,Tie
94,1,Tie
95,1,Tie
96,2,Tie
97,1,Tie
98,55,Tie
99,1,Tie
100,3,Tie
101,1,Tie
102,1,Tie
103,3,Tie
104,2,Tie
105,5,Tie
106,1,Tie
107,1,Tie
108,1,Tie
109,3,Tie
110,1,Tie
111,1,Tie
112,2,Tie
113,1,Tie
114,2,Tie
115,1,Tie
116,4,Tie
117,1,Tie
118,1,Tie
119,1,Tie
120,1,Tie
121,1,Tie
122,1,Tie
123,1,Tie
124,6,Tie
125,1,Tie
126,1,Tie
127,1,Tie
128,1,Tie
129,1,Tie
130,2,Tie
131,1,Tie
132,1,Tie
133,1,Tie
134,1,Tie
135,1,Tie
136,2,Tie
137,2,Tie
138,1,Tie
139,1,Tie
140,3,Tie
141,1,Tie
142,1,Tie
143,1,Tie
144,2,Tie
145,3,Tie
146,1,Tie
147,1,Tie
148,2,Tie
149,1,Tie
150,1,Tie
151,1,Tie
152,3,Tie
153,2,Tie
154,1,Tie
155,1,Tie
156,1,Tie
157,1,Tie
158,4,Tie
159,3,Tie
160,1,Tie
161,1,Tie
162,7,Tie
163,3,Tie
164,2,Tie
165,4,Tie
166,3,Tie
167,1,Tie
168,1,Tie
169,9,Tie
170,4,Tie
171,1,Tie
172,4,Tie
173,3,Tie
174,2,Tie
175,1,Tie
176,1,Tie
177,1,Tie
178,7,Tie
179,5,Tie
180,1,Tie
181,1,Tie
182,1,Tie
183,1,Tie
184,1,Tie
185,1,Tie
186,1,Tie
187,1,Tie
188,1,Tie
189,4,Tie
190,1,Tie
191,1,Tie
192,1,Tie
193,1,Tie
194,1,Tie
195,3,Tie
196,1,Tie
197,1,Tie
198,1,Tie
199,1,Tie
200,5,Tie
201,1,Tie
202,1,Tie
203,1,Tie
204,1,Tie
205,4,Tie
206,1,Tie
207,1,Tie
208,1,Tie
209,1,Tie
210,3,Tie
211,1,Tie
212,3,Tie
213,1,Tie
214,2,Tie
215,3,Tie
216,1,Tie
217,1,Tie
218,2,Tie
219,1,Tie
220,1,Tie
221,1,Tie
222,2,Tie
223,1,Tie
224,5,Tie
225,2,Tie
226,1,Tie
227,1,Tie
228,1,Tie
229,1,Tie
230,1,Tie
231,2,Tie
232,4,Tie
233,1,Tie
234,1,Tie
235,1,Tie
236,1,Tie
237,1,Tie
238,3,Tie
239,1,Tie
240,1,Tie
241,1,Tie
242,1,Tie
243,1,Tie
244,1,Tie
245,2,Tie
246,3,Tie
247,4,Tie
248,1,Tie
249,1,Tie
250,1,Tie
251,1,Tie
252,1,Tie
253,1,Tie
254,2,Tie
255,1,Tie
256,1,Tie
257,1,Tie
258,2,Tie
259,1,Tie
260,1,Tie
261,1,Tie
262,1,Tie
263,1,Tie
264,1,Tie
265,1,Tie
266,1,Tie
267,1,Tie
268,1,Tie
269,2,Tie
270,1,Tie
271,2,Tie
272,2,Tie
273,1,Tie
274,1,Tie
275,1,Tie
276,3,Tie
277,1,Tie
278,2,Tie
279,1,Tie
280,1,Tie
281,1,Tie
282,1,Tie
283,1,Tie
284,1,Tie
285,3,Tie
286,1,Tie
287,2,Tie
288,1,Tie
289,1,Tie
290,1,Tie
291,1,Tie
292,2,Tie
293,1,Tie
294,2,Tie
295,2,Tie
296,1,Tie
297,1,Tie
298,16,Tie
299,1,Tie
300,2,Tie
301,1,Tie
302,1,Tie
303,3,Tie
304,1,Tie
305,1,Tie
306,1,Tie
307,1,Tie
308,1,Tie
309,1,Tie
310,1,Tie
311,1,Tie
312,1,Tie
313,1,Tie
314,1,Tie
315,1,Tie
316,1,Tie
317,3,Tie
318,1,Tie
319,4,Tie
320,18,Tie
321,1,Tie
322,1,Tie
323,1,Tie
324,6,Tie
325,2,Tie
326,2,Tie
327,1,Tie
328,15,Tie
329,1,Tie
330,1,Tie
331,2,Tie
332,3,Tie
333,3,Tie
334,1,Tie
335,1,Tie
336,1,Tie
337,1,Tie
338,1,Tie
339,2,Tie
340,1,Tie
341,1,Tie
342,2,Tie
343,1,Tie
344,1,Tie
345,1,Tie
346,2,Tie
347,2,Tie
348,1,Tie
349,1,Tie
350,4,Tie
351,1,Tie
352,2,Tie
353,2,Tie
354,3,Tie
355,2,Tie
356,1,Tie
357,1,Tie
358,1,Tie
359,1,Tie
360,1,Tie
361,1,Tie
362,1,Tie
363,1,Tie
364,2,Tie
365,1,Tie
366,1,Tie
367,1,Tie
368,2,Tie
369,1,Tie
370,2,Tie
371,1,Tie
372,1,Tie
373,1,Tie
374,1,Tie
375,1,Tie
376,2,Tie
377,1,Tie
378,3,Tie
379,1,Tie
380,1,Tie
381,1,Tie
382,3,Tie
383,1,Tie
384,1,Tie
385,1,Tie
386,1,Tie
387,1,Tie
388,1,Tie
389,2,Tie
390,2,Tie
391,2,Tie
392,1,Tie
393,1,Tie
394,1,Tie
395,2,Tie
396,1,Tie
397,2,Tie
398,2,Tie
399,2,Tie
0,1,Cat
1,1,Cat
2,1,Cat
3,1,Cat
4,1,Cat
5,1,Cat
6,1,Cat
7,1,Cat
8,1,Cat
9,2,Cat
10,1,Cat
11,1,Cat
12,1,Cat
13,1,Cat
14,1,Cat
15,1,Cat
16,1,Cat
17,1,Cat
18,1,Cat
19,1,Cat
20,1,Cat
21,1,Cat
22,1,Cat
23,1,Cat
24,1,Cat
25,1,Cat
26,1,Cat
27,1,Cat
28,1,Cat
29,1,Cat
30,1,Cat
31,1,Cat
32,1,Cat
33,1,Cat
34,1,Cat
35,1,Cat
36,1,Cat
37,1,Cat
38,1,Cat
39,2,Cat
40,1,Cat
41,1,Cat
42,1,Cat
43,1,Cat
44,1,Cat
45,1,Cat
46,1,Cat
47,1,Cat
48,1,Cat
49,1,Cat
50,1,Cat
51,1,Cat
52,1,Cat
53,1,Cat
54,1,Cat
55,2,Cat
56,1,Cat
57,1,Cat
58,1,Cat
59,1,Cat
60,1,Cat
61,1,Cat
62,1,Cat
63,1,Cat
64,1,Cat
65,1,Cat
66,1,Cat
67,1,Cat
68,1,Cat
69,1,Cat
70,1,Cat
71,2,Cat
72,1,Cat
73,2,Cat
74,1,Cat
75,1,Cat
76,1,Cat
77,1,Cat
78,2,Cat
79,1,Cat
80,1,Cat
81,1,Cat
82,1,Cat
83,1,Cat
84,1,Cat
85,1,Cat
86,1,Cat
87,1,Cat
88,1,Cat
89,1,Cat
90,1,Cat
91,1,Cat
92,1,Cat
93,1,Cat
94,1,Cat
95,1,Cat
96,1,Cat
97,1,Cat
98,1,Cat
99,2,Cat
100,1,Cat
101,1,Cat
102,1,Cat
103,1,Cat
104,1,Cat
105,1,Cat
106,1,Cat
107,2,Cat
108,1,Cat
109,1,Cat
110,1,Cat
111,1,Cat
112,1,Cat
113,1,Cat
114,1,Cat
115,1,Cat
116,3,Cat
117,1,Cat
118,1,Cat
119,1,Cat
120,1,Cat
121,2,Cat
122,1,Cat
123,1,Cat
124,1,Cat
125,3,Cat
126,1,Cat
127,1,Cat
128,1,Cat
129,1,Cat
130,2,Cat
131,1,Cat
132,1,Cat
133,1,Cat
134,1,Cat
135,1,Cat
136,1,Cat
137,1,Cat
138,1,Cat
139,1,Cat
140,1,Cat
141,2,Cat
142,1,Cat
143,1,Cat
144,1,Cat
145,1,Cat
146,1,Cat
147,1,Cat
148,1,Cat
149,1,Cat
150,1,Cat
151,1,Cat
152,1,Cat
153,1,Cat
154,1,Cat
155,1,Cat
156,1,Cat
157,1,Cat
158,1,Cat
159,1,Cat
160,1,Cat
161,2,Cat
162,1,Cat
163,1,Cat
164,1,Cat
165,2,Cat
166,1,Cat
167,1,Cat
168,2,Cat
169,1,Cat
170,2,Cat
171,1,Cat
172,1,Cat
173,1,Cat
174,1,Cat
175,1,Cat
176,1,Cat
177,1,Cat
178,1,Cat
179,1,Cat
180,1,Cat
181,1,Cat
182,1,Cat
183,1,Cat
184,2,Cat
185,3,Cat
186,1,Cat
187,1,Cat
188,1,Cat
189,1,Cat
190,1,Cat
191,1,Cat
192,1,Cat
193,1,Cat
194,1,Cat
195,1,Cat
196,1,Cat
197,1,Cat
198,1,Cat
199,1,Cat
200,4,Cat
201,1,Cat
202,1,Cat
203,1,Cat
204,1,Cat
205,8,Cat
206,2,Cat
207,1,Cat
208,1,Cat
209,1,Cat
210,1,Cat
211,1,Cat
212,1,Cat
213,1,Cat
214,1,Cat
215,1,Cat
216,1,Cat
217,1,Cat
218,1,Cat
219,1,Cat
220,1,Cat
221,1,Cat
222,1,Cat
223,1,Cat
224,1,Cat
225,1,Cat
226,3,Cat
227,1,Cat
228,1,Cat
229,1,Cat
230,1,Cat
231,1,Cat
232,2,Cat
233,1,Cat
234,2,Cat
235,1,Cat
236,1,Cat
237,1,Cat
238,1,Cat
239,1,Cat
240,1,Cat
241,1,Cat
242,1,Cat
243,1,Cat
244,1,Cat
245,1,Cat
246,1,Cat
247,1,Cat
248,2,Cat
249,1,Cat
250,1,Cat
251,1,Cat
252,1,Cat
253,1,Cat
254,1,Cat
255,1,Cat
256,1,Cat
257,1,Cat
258,1,Cat
259,3,Cat
260,1,Cat
261,1,Cat
262,1,Cat
263,1,Cat
264,1,Cat
265,1,Cat
266,2,Cat
267,1,Cat
268,1,Cat
269,1,Cat
270,1,Cat
271,1,Cat
272,1,Cat
273,1,Cat
274,1,Cat
275,1,Cat
276,1,Cat
277,1,Cat
278,1,Cat
279,1,Cat
280,1,Cat
281,1,Cat
282,1,Cat
283,1,Cat
284,1,Cat
285,1,Cat
286,1,Cat
287,1,Cat
288,1,Cat
289,1,Cat
290,1,Cat
291,1,Cat
292,1,Cat
293,1,Cat
294,1,Cat
295,1,Cat
296,1,Cat
297,2,Cat
298,1,Cat
299,1,Cat
300,1,Cat
301,1,Cat
302,2,Cat
303,1,Cat
304,1,Cat
305,1,Cat
306,2,Cat
307,1,Cat
308,1,Cat
309,1,Cat
310,1,Cat
311,1,Cat
312,2,Cat
313,1,Cat
314,2,Cat
315,1,Cat
316,1,Cat
317,1,Cat
318,1,Cat
319,1,Cat
320,1,Cat
321,1,Cat
322,1,Cat
323,1,Cat
324,1,Cat
325,1,Cat
326,1,Cat
327,1,Cat
328,2,Cat
329,1,Cat
330,1,Cat
331,1,Cat
332,1,Cat
333,1,Cat
334,1,Cat
335,1,Cat
336,1,Cat
337,1,Cat
338,1,Cat
339,1,Cat
340,2,Cat
341,2,Cat
342,1,Cat
343,1,Cat
344,1,Cat
345,1,Cat
346,1,Cat
347,1,Cat
348,1,Cat
349,1,Cat
350,1,Cat
351,1,Cat
352,1,Cat
353,1,Cat
354,1,Cat
355,1,Cat
356,1,Cat
357,1,Cat
358,1,Cat
359,1,Cat
360,2,Cat
361,1,Cat
362,1,Cat
363,1,Cat
364,1,Cat
365,1,Cat
366,1,Cat
367,1,Cat
368,1,Cat
369,1,Cat
370,1,Cat
371,1,Cat
372,3,Cat
373,1,Cat
374,1,Cat
375,1,Cat
376,1,Cat
377,1,Cat
378,1,Cat
379,1,Cat
380,1,Cat
381,1,Cat
382,1,Cat
383,1,Cat
384,1,Cat
385,1,Cat
386,2,Cat
387,1,Cat
388,1,Cat
389,1,Cat
390,1,Cat
391,1,Cat
392,2,Cat
393,1,Cat
394,1,Cat
395,1,Cat
396,1,Cat
397,1,Cat
398,1,Cat
399,2,Cat
0,1,Polyp
1,1,Polyp
2,1,Polyp
3,1,Polyp
4,1,Polyp
5,1,Polyp
6,1,Polyp
7,1,Polyp
8,1,Polyp
9,1,Polyp
10,1,Polyp
11,1,Polyp
12,1,Polyp
13,1,Polyp
14,1,Polyp
15,3,Polyp
16,1,Polyp
17,1,Polyp
18,2,Polyp
19,1,Polyp
20,1,Polyp
21,1,Polyp
22,1,Polyp
23,1,Polyp
24,1,Polyp
25,1,Polyp
26,1,Polyp
27,1,Polyp
28,1,Polyp
29,1,Polyp
30,1,Polyp
31,1,Polyp
32,1,Polyp
33,1,Polyp
34,3,Polyp
35,1,Polyp
36,1,Polyp
37,1,Polyp
38,1,Polyp
39,1,Polyp
40,1,Polyp
41,2,Polyp
42,1,Polyp
43,1,Polyp
44,1,Polyp
45,1,Polyp
46,1,Polyp
47,1,Polyp
48,1,Polyp
49,1,Polyp
50,1,Polyp
51,1,Polyp
52,1,Polyp
53,1,Polyp
54,1,Polyp
55,1,Polyp
56,1,Polyp
57,1,Polyp
58,1,Polyp
59,1,Polyp
60,1,Polyp
61,1,Polyp
62,1,Polyp
63,1,Polyp
64,1,Polyp
65,1,Polyp
66,1,Polyp
67,1,Polyp
68,1,Polyp
69,1,Polyp
70,1,Polyp
71,1,Polyp
72,1,Polyp
73,1,Polyp
74,1,Polyp
75,1,Polyp
76,1,Polyp
77,1,Polyp
78,1,Polyp
79,1,Polyp
80,1,Polyp
81,1,Polyp
82,2,Polyp
83,1,Polyp
84,1,Polyp
85,1,Polyp
86,1,Polyp
87,1,Polyp
88,1,Polyp
89,1,Polyp
90,1,Polyp
91,1,Polyp
92,1,Polyp
93,1,Polyp
94,1,Polyp
95,1,Polyp
96,1,Polyp
97,1,Polyp
98,2,Polyp
99,2,Polyp
100,1,Polyp
101,1,Polyp
102,1,Polyp
103,1,Polyp
104,1,Polyp
105,1,Polyp
106,1,Polyp
107,1,Polyp
108,1,Polyp
109,1,Polyp
110,1,Polyp
111,1,Polyp
112,1,Polyp
113,1,Polyp
114,1,Polyp
115,1,Polyp
116,1,Polyp
117,1,Polyp
118,1,Polyp
119,1,Polyp
120,1,Polyp
121,1,Polyp
122,1,Polyp
123,2,Polyp
124,1,Polyp
125,2,Polyp
126,1,Polyp
127,1,Polyp
128,1,Polyp
129,1,Polyp
130,1,Polyp
131,1,Polyp
132,10,Polyp
133,1,Polyp
134,1,Polyp
135,1,Polyp
136,1,Polyp
137,1,Polyp
138,1,Polyp
139,1,Polyp
140,1,Polyp
141,1,Polyp
142,2,Polyp
143,2,Polyp
144,1,Polyp
145,1,Polyp
146,1,Polyp
147,2,Polyp
148,1,Polyp
149,1,Polyp
150,1,Polyp
151,1,Polyp
152,1,Polyp
153,1,Polyp
154,1,Polyp
155,2,Polyp
156,1,Polyp
157,1,Polyp
158,1,Polyp
159,2,Polyp
160,1,Polyp
161,1,Polyp
162,1,Polyp
163,3,Polyp
164,2,Polyp
165,1,Polyp
166,1,Polyp
167,1,Polyp
168,1,Polyp
169,1,Polyp
170,1,Polyp
171,1,Polyp
172,1,Polyp
173,1,Polyp
174,1,Polyp
175,1,Polyp
176,1,Polyp
177,1,Polyp
178,1,Polyp
179,1,Polyp
180,1,Polyp
181,1,Polyp
182,1,Polyp
183,1,Polyp
184,1,Polyp
185,1,Polyp
186,2,Polyp
187,1,Polyp
188,1,Polyp
189,1,Polyp
190,1,Polyp
191,1,Polyp
192,1,Polyp
193,1,Polyp
194,1,Polyp
195,1,Polyp
196,1,Polyp
197,1,Polyp
198,1,Polyp
199,2,Polyp
200,1,Polyp
201,2,Polyp
202,1,Polyp
203,1,Polyp
204,1,Polyp
205,1,Polyp
206,1,Polyp
207,1,Polyp
208,1,Polyp
209,1,Polyp
210,1,Polyp
211,1,Polyp
212,1,Polyp
213,1,Polyp
214,1,Polyp
215,1,Polyp
216,1,Polyp
217,1,Polyp
218,1,Polyp
219,1,Polyp
220,1,Polyp
221,1,Polyp
222,1,Polyp
223,1,Polyp
224,1,Polyp
225,1,Polyp
226,1,Polyp
227,1,Polyp
228,1,Polyp
229,1,Polyp
230,1,Polyp
231,1,Polyp
232,1,Polyp
233,1,Polyp
234,1,Polyp
235,1,Polyp
236,1,Polyp
237,1,Polyp
238,1,Polyp
239,1,Polyp
240,1,Polyp
241,1,Polyp
242,1,Polyp
243,1,Polyp
244,1,Polyp
245,1,Polyp
246,1,Polyp
247,1,Polyp
248,1,Polyp
249,2,Polyp
250,1,Polyp
251,1,Polyp
252,1,Polyp
253,1,Polyp
254,1,Polyp
255,1,Polyp
256,1,Polyp
257,1,Polyp
258,1,Polyp
259,1,Polyp
260,1,Polyp
261,1,Polyp
262,1,Polyp
263,1,Polyp
264,2,Polyp
265,1,Polyp
266,1,Polyp
267,1,Polyp
268,2,Polyp
269,1,Polyp
270,1,Polyp
271,1,Polyp
272,1,Polyp
273,1,Polyp
274,1,Polyp
275,1,Polyp
276,1,Polyp
277,1,Polyp
278,1,Polyp
279,1,Polyp
280,1,Polyp
281,1,Polyp
282,1,Polyp
283,1,Polyp
284,2,Polyp
285,1,Polyp
286,1,Polyp
287,1,Polyp
288,1,Polyp
289,1,Polyp
290,1,Polyp
291,1,Polyp
292,1,Polyp
293,2,Polyp
294,1,Polyp
295,1,Polyp
296,1,Polyp
297,1,Polyp
298,1,Polyp
299,1,Polyp
300,1,Polyp
301,1,Polyp
302,2,Polyp
303,1,Polyp
304,1,Polyp
305,1,Polyp
306,1,Polyp
307,1,Polyp
308,1,Polyp
309,1,Polyp
310,1,Polyp
311,1,Polyp
312,1,Polyp
313,2,Polyp
314,1,Polyp
315,1,Polyp
316,1,Polyp
317,1,Polyp
318,1,Polyp
319,2,Polyp
320,1,Polyp
321,1,Polyp
322,1,Polyp
323,3,Polyp
324,2,Polyp
325,1,Polyp
326,1,Polyp
327,1,Polyp
328,1,Polyp
329,2,Polyp
330,1,Polyp
331,1,Polyp
332,1,Polyp
333,1,Polyp
334,1,Polyp
335,1,Polyp
336,2,Polyp
337,1,Polyp
338,1,Polyp
339,1,Polyp
340,1,Polyp
341,1,Polyp
342,1,Polyp
343,1,Polyp
344,1,Polyp
345,1,Polyp
346,2,Polyp
347,1,Polyp
348,1,Polyp
349,1,Polyp
350,2,Polyp
351,1,Polyp
352,1,Polyp
353,1,Polyp
354,1,Polyp
355,1,Polyp
356,1,Polyp
357,1,Polyp
358,1,Polyp
359,2,Polyp
360,1,Polyp
361,2,Polyp
362,1,Polyp
363,1,Polyp
364,1,Polyp
365,1,Polyp
366,1,Polyp
367,1,Polyp
368,1,Polyp
369,1,Polyp
370,1,Polyp
371,1,Polyp
372,1,Polyp
373,1,Polyp
374,1,Polyp
375,1,Polyp
376,1,Polyp
377,1,Polyp
378,1,Polyp
379,1,Polyp
380,1,Polyp
381,1,Polyp
382,1,Polyp
383,1,Polyp
384,1,Polyp
385,3,Polyp
386,1,Polyp
387,1,Polyp
388,1,Polyp
389,1,Polyp
390,1,Polyp
391,1,Polyp
392,1,Polyp
393,1,Polyp
394,1,Polyp
395,1,Polyp
396,1,Polyp
397,1,Polyp
398,1,Polyp
399,1,Polyp
